Unique Key,Created Date,Closed Date,Agency,Agency Name,Complaint Type,Descriptor,Location Type,Incident Zip,Incident Address,Street Name,Cross Street 1,Cross Street 2,Intersection Street 1,Intersection Street 2,Address Type,City,Landmark,Facility Type,Status,Due Date,Resolution Action Updated Date,Community Board,Borough,X Coordinate (State Plane),Y Coordinate (State Plane),Park Facility Name,Park Borough,School Name,School Number,School Region,School Code,School Phone Number,School Address,School City,School State,School Zip,School Not Found,School or Citywide Complaint,Vehicle Type,Taxi Company Borough,Taxi Pick Up Location,Bridge Highway Name,Bridge Highway Direction,Road Ramp,Bridge Highway Segment,Garage Lot Name,Ferry Direction,Ferry Terminal Name,Latitude,Longitude,Location
10762172,03/20/2008 12:00:00 AM,03/20/2008 12:00:00 AM,DSNY,Bronx 11,Sanitation Condition,12 Dead Animals,Sidewalk,, 2339 KINGSLAND AVENUE,2339 KINGSLAND AVENUE,ASTOR AVENUE,WARING AVENUE,,,,,,N/A,Closed,,03/20/2008 12:00:00 AM,11 BRONX,BRONX,,,Unspecified,BRONX,Unspecified,Unspecified,Unspecified,Unspecified,Unspecified,Unspecified,Unspecified,Unspecified,Unspecified,,,,,,,,,,,,,,,
10762180,03/20/2008 12:00:00 AM,03/20/2008 12:00:00 AM,DOT,Department of Transportation,Traffic Signal Condition,Veh Signal Visor,,,,,,,MAURICE AVE,BORDEN AVE,INTERSECTION,,,N/A,Closed,,03/20/2008 12:00:00 AM,Unspecified QUEENS,QUEENS,,,Unspecified,QUEENS,Unspecified,Unspecified,Unspecified,Unspecified,Unspecified,Unspecified,Unspecified,Unspecified,Unspecified,,,,,,,,,,,,,,,
10762247,03/20/2008 12:00:00 AM,03/20/2008 12:00:00 AM,DOT,Department of Transportation,Traffic Signal Condition,Controller,,,,,,,9 AVE,42 ST W,INTERSECTION,,,N/A,Closed,,03/20/2008 12:00:00 AM,Unspecified MANHATTAN,MANHATTAN,,,Unspecified,MANHATTAN,Unspecified,Unspecified,Unspecified,Unspecified,Unspecified,Unspecified,Unspecified,Unspecified,Unspecified,,,,,,,,,,,,,,,
10762254,03/20/2008 12:00:00 AM,03/21/2008 12:00:00 AM,DOT,Department of Transportation,Traffic Signal Condition,Veh Signal Head,,,,,,,VICTORY BLVD,SVC RD W,INTERSECTION,,,N/A,Closed,,03/21/2008 12:00:00 AM,0 Unspecified,Unspecified,,,Unspecified,Unspecified,Unspecified,Unspecified,Unspecified,Unspecified,Unspecified,Unspecified,Unspecified,Unspecified,Unspecified,,,,,,,,,,,,,,,
10762258,03/20/2008 12:00:00 AM,03/22/2008 12:00:00 AM,DEP,Department of Environmental Protection,Sewer,Catch Basin Clogged/Flooding (Use Comments) (SC),,,,,,,HUTCHINSON RIVER PKWY,EINSTEIN LOOP,INTERSECTION,,,N/A,Closed,,03/22/2008 12:00:00 AM,Unspecified BRONX,BRONX,,,Unspecified,BRONX,Unspecified,Unspecified,Unspecified,Unspecified,Unspecified,Unspecified,Unspecified,Unspecified,Unspecified,,,,,,,,,,,,,,,
10762261,03/20/2008 12:00:00 AM,03/20/2008 12:00:00 AM,DOT,Department of Transportation,Traffic Signal Condition,Controller,,,,,,,ROGERS AVE,5 AVE,INTERSECTION,,,N/A,Closed,,03/20/2008 12:00:00 AM,Unspecified BROOKLYN,BROOKLYN,,,Unspecified,BROOKLYN,Unspecified,Unspecified,Unspecified,Unspecified,Unspecified,Unspecified,Unspecified,Unspecified,Unspecified,,,,,,,,,,,,,,,
10762265,03/20/2008 12:00:00 AM,03/21/2008 12:00:00 AM,DOT,Department of Transportation,Traffic Signal Condition,Controller,,,,,,,AVE C,HOUSTON ST E,INTERSECTION,,,N/A,Closed,,03/21/2008 12:00:00 AM,Unspecified MANHATTAN,MANHATTAN,,,Unspecified,MANHATTAN,Unspecified,Unspecified,Unspecified,Unspecified,Unspecified,Unspecified,Unspecified,Unspecified,Unspecified,,,,,,,,,,,,,,,
10761206,03/20/2008 12:00:00 AM,03/20/2008 12:00:00 AM,DOT,Department of Transportation,Traffic Signal Condition,Controller,,,,,,,AVE OF THE AMERICAS,16 ST W,INTERSECTION,,,N/A,Closed,,03/20/2008 12:00:00 AM,Unspecified MANHATTAN,MANHATTAN,,,Unspecified,MANHATTAN,Unspecified,Unspecified,Unspecified,Unspecified,Unspecified,Unspecified,Unspecified,Unspecified,Unspecified,,,,,,,,,,,,,,,
10762083,03/20/2008 12:00:00 AM,03/20/2008 12:00:00 AM,DEP,Department of Environmental Protection,Water System,No Water/Low Pressure (WA5),,,1114 BAY RDGE AVE,BAY RDGE AVE,11 AVE,12 AVE,,,ADDRESS,,,N/A,Closed,,03/20/2008 12:00:00 AM,Unspecified BROOKLYN,BROOKLYN,,,Unspecified,BROOKLYN,Unspecified,Unspecified,Unspecified,Unspecified,Unspecified,Unspecified,Unspecified,Unspecified,Unspecified,,,,,,,,,,,,,,,
10758151,03/20/2008 12:00:00 AM,03/20/2008 12:00:00 AM,DOT,Department of Transportation,Traffic Signal Condition,Controller,,,,,,,5 AVE,37 ST E,INTERSECTION,,,N/A,Closed,,03/20/2008 12:00:00 AM,Unspecified MANHATTAN,MANHATTAN,,,Unspecified,MANHATTAN,Unspecified,Unspecified,Unspecified,Unspecified,Unspecified,Unspecified,Unspecified,Unspecified,Unspecified,,,,,,,,,,,,,,,
10761202,03/20/2008 12:00:00 AM,03/20/2008 12:00:00 AM,DOT,Department of Transportation,Traffic Signal Condition,Controller,,,,,,,LAFAYETTE AVE,SAFETY CITY,INTERSECTION,,,N/A,Closed,,03/20/2008 12:00:00 AM,Unspecified BRONX,BRONX,,,Unspecified,BRONX,Unspecified,Unspecified,Unspecified,Unspecified,Unspecified,Unspecified,Unspecified,Unspecified,Unspecified,,,,,,,,,,,,,,,
10762102,03/20/2008 12:00:00 AM,03/20/2008 12:00:00 AM,DOT,Department of Transportation,Traffic Signal Condition,Controller,,,,,,,MADISON AVE,73 ST E,INTERSECTION,,,N/A,Closed,,03/20/2008 12:00:00 AM,Unspecified MANHATTAN,MANHATTAN,,,Unspecified,MANHATTAN,Unspecified,Unspecified,Unspecified,Unspecified,Unspecified,Unspecified,Unspecified,Unspecified,Unspecified,,,,,,,,,,,,,,,
10762211,03/20/2008 12:00:00 AM,03/20/2008 12:00:00 AM,DEP,Department of Environmental Protection,Water System,Hydrant Running Full (WA4),,,1225 BAY RDGE AVE,BAY RDGE AVE,12 AVE,13 AVE,,,ADDRESS,,,N/A,Closed,,03/20/2008 12:00:00 AM,Unspecified BROOKLYN,BROOKLYN,,,Unspecified,BROOKLYN,Unspecified,Unspecified,Unspecified,Unspecified,Unspecified,Unspecified,Unspecified,Unspecified,Unspecified,,,,,,,,,,,,,,,
10761142,03/20/2008 12:00:00 AM,03/21/2008 12:00:00 AM,DOT,Department of Transportation,Traffic Signal Condition,LED Pedestrian Unit,,,,,,,1 AVE,102 ST E,INTERSECTION,,,N/A,Closed,,03/21/2008 12:00:00 AM,Unspecified MANHATTAN,MANHATTAN,,,Unspecified,MANHATTAN,Unspecified,Unspecified,Unspecified,Unspecified,Unspecified,Unspecified,Unspecified,Unspecified,Unspecified,,,,,,,,,,,,,,,
10761296,03/20/2008 12:00:00 AM,03/21/2008 12:00:00 AM,DEP,Department of Environmental Protection,Asbestos,"Asbestos, Other (Use Comments) (BZ)",,,54 FRANKLYN ST,FRANKLYN ST,,,,,ADDRESS,,,N/A,Closed,,03/21/2008 12:00:00 AM,Unspecified MANHATTAN,MANHATTAN,,,Unspecified,MANHATTAN,Unspecified,Unspecified,Unspecified,Unspecified,Unspecified,Unspecified,Unspecified,Unspecified,Unspecified,,,,,,,,,,,,,,,
10189576,01/02/2008 12:00:00 AM,01/02/2008 12:00:00 AM,DOT,Department of Transportation,Traffic Signal Condition,Controller,,,,,,,WILLIS AVE,147 ST E,INTERSECTION,,,N/A,Closed,,01/02/2008 12:00:00 AM,Unspecified BRONX,BRONX,,,Unspecified,BRONX,Unspecified,Unspecified,Unspecified,Unspecified,Unspecified,Unspecified,Unspecified,Unspecified,Unspecified,,,,,,,,,,,,,,,
10761330,03/20/2008 12:00:00 AM,03/21/2008 12:00:00 AM,DOT,Department of Transportation,Traffic Signal Condition,Veh Signal Head,,,,,,,CROSS BAY BLVD,6 RD,INTERSECTION,,,N/A,Closed,,03/21/2008 12:00:00 AM,Unspecified QUEENS,QUEENS,,,Unspecified,QUEENS,Unspecified,Unspecified,Unspecified,Unspecified,Unspecified,Unspecified,Unspecified,Unspecified,Unspecified,,,,,,,,,,,,,,,
10188507,01/02/2008 12:00:00 AM,01/02/2008 12:00:00 AM,DOT,Department of Transportation,Street Light Condition,Street Light Dayburning,,,,,,,EAST END AVE,86 ST E,INTERSECTION,,,N/A,Closed,,01/02/2008 12:00:00 AM,Unspecified MANHATTAN,MANHATTAN,,,Unspecified,MANHATTAN,Unspecified,Unspecified,Unspecified,Unspecified,Unspecified,Unspecified,Unspecified,Unspecified,Unspecified,,,,,,,,,,,,,,,
10760423,03/20/2008 12:00:00 AM,03/20/2008 12:00:00 AM,DOT,Department of Transportation,Traffic Signal Condition,Controller,,,,,,,BATHGATE AVE,FORDHAM RD EAST,INTERSECTION,,,N/A,Closed,,03/20/2008 12:00:00 AM,Unspecified BRONX,BRONX,,,Unspecified,BRONX,Unspecified,Unspecified,Unspecified,Unspecified,Unspecified,Unspecified,Unspecified,Unspecified,Unspecified,,,,,,,,,,,,,,,
10760687,03/20/2008 12:00:00 AM,03/20/2008 12:00:00 AM,DOT,Department of Transportation,Traffic Signal Condition,Ped Lamp,,,,,,,MARCY AVE,DIVISION AVE,INTERSECTION,,,N/A,Closed,,03/20/2008 12:00:00 AM,Unspecified BROOKLYN,BROOKLYN,,,Unspecified,BROOKLYN,Unspecified,Unspecified,Unspecified,Unspecified,Unspecified,Unspecified,Unspecified,Unspecified,Unspecified,,,,,,,,,,,,,,,
10762038,03/20/2008 12:00:00 AM,03/20/2008 12:00:00 AM,DEP,Department of Environmental Protection,Water System,Leak (Use Comments) (WA2),,,,,,,W 100 ST,RIVERSIDE DR,INTERSECTION,,,N/A,Closed,,03/20/2008 12:00:00 AM,Unspecified MANHATTAN,MANHATTAN,,,Unspecified,MANHATTAN,Unspecified,Unspecified,Unspecified,Unspecified,Unspecified,Unspecified,Unspecified,Unspecified,Unspecified,,,,,,,,,,,,,,,
10759667,03/18/2008 12:00:00 AM,03/19/2008 12:00:00 AM,DOT,Department of Transportation,Street Condition,Pothole,,,,,,,101 STREET,ROCKAWAY BOULEVARD,INTERSECTION,,,N/A,Closed,,03/19/2008 12:00:00 AM,Unspecified QUEENS,QUEENS,,,Unspecified,QUEENS,Unspecified,Unspecified,Unspecified,Unspecified,Unspecified,Unspecified,Unspecified,Unspecified,Unspecified,,,,,,,,,,,,,,,
10762111,03/20/2008 12:00:00 AM,03/20/2008 12:00:00 AM,DEP,Department of Environmental Protection,Water System,No Water/Low Pressure (WA5),,,1262 BAY RDGE AVE,BAY RDGE AVE,12 AVE,13 AVE,,,ADDRESS,,,N/A,Closed,,03/20/2008 12:00:00 AM,Unspecified BROOKLYN,BROOKLYN,,,Unspecified,BROOKLYN,Unspecified,Unspecified,Unspecified,Unspecified,Unspecified,Unspecified,Unspecified,Unspecified,Unspecified,,,,,,,,,,,,,,,
10762221,03/20/2008 12:00:00 AM,03/20/2008 12:00:00 AM,DOT,Department of Transportation,Traffic Signal Condition,Controller,,,,,,,9 AVE,14 ST W,INTERSECTION,,,N/A,Closed,,03/20/2008 12:00:00 AM,Unspecified MANHATTAN,MANHATTAN,,,Unspecified,MANHATTAN,Unspecified,Unspecified,Unspecified,Unspecified,Unspecified,Unspecified,Unspecified,Unspecified,Unspecified,,,,,,,,,,,,,,,
10760220,03/20/2008 12:00:00 AM,03/24/2008 12:00:00 AM,DEP,Department of Environmental Protection,Sewer,Street Cave-In / Depression (SG),,,130 OCEAN PKWY,OCEAN PKWY,AVENUE M,AVENUE,,,BLOCKFACE,,,N/A,Closed,,03/24/2008 12:00:00 AM,Unspecified BROOKLYN,BROOKLYN,,,Unspecified,BROOKLYN,Unspecified,Unspecified,Unspecified,Unspecified,Unspecified,Unspecified,Unspecified,Unspecified,Unspecified,,,,,,,,,,,,,,,
10760226,03/20/2008 12:00:00 AM,03/21/2008 12:00:00 AM,DOT,Department of Transportation,Traffic Signal Condition,Controller,,,,,,,5 AVE,71 ST E,INTERSECTION,,,N/A,Closed,,03/21/2008 12:00:00 AM,Unspecified MANHATTAN,MANHATTAN,,,Unspecified,MANHATTAN,Unspecified,Unspecified,Unspecified,Unspecified,Unspecified,Unspecified,Unspecified,Unspecified,Unspecified,,,,,,,,,,,,,,,
10762074,03/20/2008 12:00:00 AM,03/20/2008 12:00:00 AM,DOT,Department of Transportation,Traffic Signal Condition,Veh Sgnl Mult Lamps,,,,,,,9 AVE,14 ST W,INTERSECTION,,,N/A,Closed,,03/20/2008 12:00:00 AM,Unspecified MANHATTAN,MANHATTAN,,,Unspecified,MANHATTAN,Unspecified,Unspecified,Unspecified,Unspecified,Unspecified,Unspecified,Unspecified,Unspecified,Unspecified,,,,,,,,,,,,,,,
10188508,01/02/2008 12:00:00 AM,01/04/2008 12:00:00 AM,DOT,Department of Transportation,Street Light Condition,Multiple Street Lights Out,,,,,,,125 ST W,MORNINGSIDE AVE,INTERSECTION,,,N/A,Closed,,01/04/2008 12:00:00 AM,Unspecified MANHATTAN,MANHATTAN,,,Unspecified,MANHATTAN,Unspecified,Unspecified,Unspecified,Unspecified,Unspecified,Unspecified,Unspecified,Unspecified,Unspecified,,,,,,,,,,,,,,,
10212043,01/04/2008 12:00:00 AM,01/04/2008 12:00:00 AM,DOT,Department of Transportation,Traffic Signal Condition,Controller,,,,,,,ELTON AVE,155 ST E,INTERSECTION,,,N/A,Closed,,01/04/2008 12:00:00 AM,Unspecified BRONX,BRONX,,,Unspecified,BRONX,Unspecified,Unspecified,Unspecified,Unspecified,Unspecified,Unspecified,Unspecified,Unspecified,Unspecified,,,,,,,,,,,,,,,
10760302,03/20/2008 12:00:00 AM,03/20/2008 12:00:00 AM,DOT,Department of Transportation,Traffic Signal Condition,Street Light Feed,,,,,,,CROTONA PKWY,179 ST E,INTERSECTION,,,N/A,Closed,,03/20/2008 12:00:00 AM,Unspecified BRONX,BRONX,,,Unspecified,BRONX,Unspecified,Unspecified,Unspecified,Unspecified,Unspecified,Unspecified,Unspecified,Unspecified,Unspecified,,,,,,,,,,,,,,,
10762344,03/20/2008 12:00:00 AM,03/20/2008 12:00:00 AM,DOT,Department of Transportation,Traffic Signal Condition,Controller,,,,,,,9 AVE,42 ST W,INTERSECTION,,,N/A,Closed,,03/20/2008 12:00:00 AM,Unspecified MANHATTAN,MANHATTAN,,,Unspecified,MANHATTAN,Unspecified,Unspecified,Unspecified,Unspecified,Unspecified,Unspecified,Unspecified,Unspecified,Unspecified,,,,,,,,,,,,,,,
10758112,03/20/2008 12:00:00 AM,03/23/2008 12:00:00 AM,DOT,Department of Transportation,Street Condition,Pothole,,, WEST   43 STREET,WEST   43 STREET,8 AVENUE,BROADWAY,,,BLOCKFACE,,,N/A,Closed,,03/23/2008 12:00:00 AM,Unspecified MANHATTAN,MANHATTAN,,,Unspecified,MANHATTAN,Unspecified,Unspecified,Unspecified,Unspecified,Unspecified,Unspecified,Unspecified,Unspecified,Unspecified,,,,,,,,,,,,,,,
10759640,03/20/2008 12:00:00 AM,03/20/2008 12:00:00 AM,DOT,Department of Transportation,Traffic Signal Condition,Controller,,,,,,,ROCKAWAY BLVD,VAN WYCK EXPY,INTERSECTION,,,N/A,Closed,,03/20/2008 12:00:00 AM,Unspecified QUEENS,QUEENS,,,Unspecified,QUEENS,Unspecified,Unspecified,Unspecified,Unspecified,Unspecified,Unspecified,Unspecified,Unspecified,Unspecified,,,,,,,,,,,,,,,
10759641,03/20/2008 12:00:00 AM,03/21/2008 12:00:00 AM,DOT,Department of Transportation,Traffic Signal Condition,Controller,,,,,,,SEAGIRT BLVD,BEACH 9 ST,INTERSECTION,,,N/A,Closed,,03/21/2008 12:00:00 AM,Unspecified QUEENS,QUEENS,,,Unspecified,QUEENS,Unspecified,Unspecified,Unspecified,Unspecified,Unspecified,Unspecified,Unspecified,Unspecified,Unspecified,,,,,,,,,,,,,,,
10762058,03/20/2008 12:00:00 AM,03/20/2008 12:00:00 AM,DOT,Department of Transportation,Traffic Signal Condition,Controller,,,,,,,ASTORIA BLVD,97 ST,INTERSECTION,,,N/A,Closed,,03/20/2008 12:00:00 AM,Unspecified QUEENS,QUEENS,,,Unspecified,QUEENS,Unspecified,Unspecified,Unspecified,Unspecified,Unspecified,Unspecified,Unspecified,Unspecified,Unspecified,,,,,,,,,,,,,,,
10762066,03/20/2008 12:00:00 AM,03/21/2008 12:00:00 AM,DOT,Department of Transportation,Traffic Signal Condition,Controller,,,,,,,LEXINGTON AVE,78 ST E,INTERSECTION,,,N/A,Closed,,03/21/2008 12:00:00 AM,Unspecified MANHATTAN,MANHATTAN,,,Unspecified,MANHATTAN,Unspecified,Unspecified,Unspecified,Unspecified,Unspecified,Unspecified,Unspecified,Unspecified,Unspecified,,,,,,,,,,,,,,,
10762325,03/20/2008 12:00:00 AM,03/24/2008 12:00:00 AM,DOT,Department of Transportation,Traffic Signal Condition,Pedestrian Signal,,,,,,,ANDREWS AVE,BURNSIDE AVE WEST,INTERSECTION,,,N/A,Closed,,03/24/2008 12:00:00 AM,Unspecified BRONX,BRONX,,,Unspecified,BRONX,Unspecified,Unspecified,Unspecified,Unspecified,Unspecified,Unspecified,Unspecified,Unspecified,Unspecified,,,,,,,,,,,,,,,
10762331,03/20/2008 12:00:00 AM,03/25/2008 12:00:00 AM,DEP,Department of Environmental Protection,Water System,Other Water Problem (Use Comments) (WZZ),,,,,,,BELT PARK,KNAPP ST,INTERSECTION,,,N/A,Closed,,03/25/2008 12:00:00 AM,Unspecified QUEENS,QUEENS,,,Unspecified,QUEENS,Unspecified,Unspecified,Unspecified,Unspecified,Unspecified,Unspecified,Unspecified,Unspecified,Unspecified,,,,,,,,,,,,,,,
10762155,03/20/2008 12:00:00 AM,03/20/2008 12:00:00 AM,DOT,Department of Transportation,Traffic Signal Condition,Controller,,,,,,,LEXINGTON AVE,96 ST E,INTERSECTION,,,N/A,Closed,,03/20/2008 12:00:00 AM,Unspecified MANHATTAN,MANHATTAN,,,Unspecified,MANHATTAN,Unspecified,Unspecified,Unspecified,Unspecified,Unspecified,Unspecified,Unspecified,Unspecified,Unspecified,,,,,,,,,,,,,,,
10762158,03/20/2008 12:00:00 AM,03/20/2008 12:00:00 AM,DOT,Department of Transportation,Traffic Signal Condition,Controller,,,,,,,AVE Y,7 ST E,INTERSECTION,,,N/A,Closed,,03/20/2008 12:00:00 AM,Unspecified BROOKLYN,BROOKLYN,,,Unspecified,BROOKLYN,Unspecified,Unspecified,Unspecified,Unspecified,Unspecified,Unspecified,Unspecified,Unspecified,Unspecified,,,,,,,,,,,,,,,
10762162,03/20/2008 12:00:00 AM,03/20/2008 12:00:00 AM,DOT,Department of Transportation,Traffic Signal Condition,Controller,,,,,,,SLOSSON AVE,TODT HILL RD,INTERSECTION,,,N/A,Closed,,03/20/2008 12:00:00 AM,0 Unspecified,Unspecified,,,Unspecified,Unspecified,Unspecified,Unspecified,Unspecified,Unspecified,Unspecified,Unspecified,Unspecified,Unspecified,Unspecified,,,,,,,,,,,,,,,
10762163,03/20/2008 12:00:00 AM,03/20/2008 12:00:00 AM,DOT,Department of Transportation,Traffic Signal Condition,Veh Signal Head,,,,,,,RIVER AVE,161 ST E,INTERSECTION,,,N/A,Closed,,03/20/2008 12:00:00 AM,Unspecified BRONX,BRONX,,,Unspecified,BRONX,Unspecified,Unspecified,Unspecified,Unspecified,Unspecified,Unspecified,Unspecified,Unspecified,Unspecified,,,,,,,,,,,,,,,
10212061,01/04/2008 12:00:00 AM,01/04/2008 12:00:00 AM,DOT,Department of Transportation,Traffic Signal Condition,Controller,,,,,,,UNION AVE,161 ST E,INTERSECTION,,,N/A,Closed,,01/04/2008 12:00:00 AM,Unspecified BRONX,BRONX,,,Unspecified,BRONX,Unspecified,Unspecified,Unspecified,Unspecified,Unspecified,Unspecified,Unspecified,Unspecified,Unspecified,,,,,,,,,,,,,,,
10761225,03/18/2008 12:00:00 AM,03/19/2008 12:00:00 AM,DOT,Department of Transportation,Street Condition,Pothole,,,,,,,AUSTIN STREET,UNION TURNPIKE,INTERSECTION,,,N/A,Closed,,03/19/2008 12:00:00 AM,Unspecified QUEENS,QUEENS,,,Unspecified,QUEENS,Unspecified,Unspecified,Unspecified,Unspecified,Unspecified,Unspecified,Unspecified,Unspecified,Unspecified,,,,,,,,,,,,,,,
10212060,01/04/2008 12:00:00 AM,01/04/2008 12:00:00 AM,DOT,Department of Transportation,Traffic Signal Condition,Controller,,,,,,,BOSTON RD,164 ST E,INTERSECTION,,,N/A,Closed,,01/04/2008 12:00:00 AM,Unspecified BRONX,BRONX,,,Unspecified,BRONX,Unspecified,Unspecified,Unspecified,Unspecified,Unspecified,Unspecified,Unspecified,Unspecified,Unspecified,,,,,,,,,,,,,,,
10188509,01/02/2008 12:00:00 AM,01/04/2008 12:00:00 AM,DOT,Department of Transportation,Street Light Condition,Multiple Street Lights Out,,,,,,,125 ST W,8 AVE,INTERSECTION,,,N/A,Closed,,01/04/2008 12:00:00 AM,Unspecified MANHATTAN,MANHATTAN,,,Unspecified,MANHATTAN,Unspecified,Unspecified,Unspecified,Unspecified,Unspecified,Unspecified,Unspecified,Unspecified,Unspecified,,,,,,,,,,,,,,,
10761292,03/20/2008 12:00:00 AM,03/20/2008 12:00:00 AM,DOT,Department of Transportation,Traffic Signal Condition,Controller,,,,,,,9 AVE,14 ST W,INTERSECTION,,,N/A,Closed,,03/20/2008 12:00:00 AM,Unspecified MANHATTAN,MANHATTAN,,,Unspecified,MANHATTAN,Unspecified,Unspecified,Unspecified,Unspecified,Unspecified,Unspecified,Unspecified,Unspecified,Unspecified,,,,,,,,,,,,,,,
10188510,01/02/2008 12:00:00 AM,01/04/2008 12:00:00 AM,DOT,Department of Transportation,Street Light Condition,Multiple Street Lights Out,,,,,,,125 ST W,7 AVE,INTERSECTION,,,N/A,Closed,,01/04/2008 12:00:00 AM,Unspecified MANHATTAN,MANHATTAN,,,Unspecified,MANHATTAN,Unspecified,Unspecified,Unspecified,Unspecified,Unspecified,Unspecified,Unspecified,Unspecified,Unspecified,,,,,,,,,,,,,,,
10761158,03/20/2008 12:00:00 AM,03/20/2008 12:00:00 AM,DOT,Department of Transportation,Traffic Signal Condition,Lane Control Signal,,,,,,,COOPER SQR,6 ST E,INTERSECTION,,,N/A,Closed,,03/20/2008 12:00:00 AM,Unspecified MANHATTAN,MANHATTAN,,,Unspecified,MANHATTAN,Unspecified,Unspecified,Unspecified,Unspecified,Unspecified,Unspecified,Unspecified,Unspecified,Unspecified,,,,,,,,,,,,,,,
10761282,03/20/2008 12:00:00 AM,03/20/2008 12:00:00 AM,DOT,Department of Transportation,Traffic Signal Condition,Controller,,,,,,,AVE OF THE AMERICAS,16 ST W,INTERSECTION,,,N/A,Closed,,03/20/2008 12:00:00 AM,Unspecified MANHATTAN,MANHATTAN,,,Unspecified,MANHATTAN,Unspecified,Unspecified,Unspecified,Unspecified,Unspecified,Unspecified,Unspecified,Unspecified,Unspecified,,,,,,,,,,,,,,,
10188511,01/02/2008 12:00:00 AM,01/04/2008 12:00:00 AM,DOT,Department of Transportation,Street Light Condition,Multiple Street Lights Out,,,,,,,125 ST W,5 AVE,INTERSECTION,,,N/A,Closed,,01/04/2008 12:00:00 AM,Unspecified MANHATTAN,MANHATTAN,,,Unspecified,MANHATTAN,Unspecified,Unspecified,Unspecified,Unspecified,Unspecified,Unspecified,Unspecified,Unspecified,Unspecified,,,,,,,,,,,,,,,
10762129,03/20/2008 12:00:00 AM,04/10/2008 12:00:00 AM,DEP,Department of Environmental Protection,Sewer,Street Cave-In / Depression (SG),,,,,,,GUIDER AVE,E 12 ST,INTERSECTION,,,N/A,Closed,,04/10/2008 12:00:00 AM,Unspecified BROOKLYN,BROOKLYN,,,Unspecified,BROOKLYN,Unspecified,Unspecified,Unspecified,Unspecified,Unspecified,Unspecified,Unspecified,Unspecified,Unspecified,,,,,,,,,,,,,,,
10762142,03/20/2008 12:00:00 AM,03/20/2008 12:00:00 AM,DEP,Department of Environmental Protection,Sewer,Street Cave-In / Depression (SG),,,,,,,BAY RDGE PKWY,15 AVE,INTERSECTION,,,N/A,Closed,,03/20/2008 12:00:00 AM,Unspecified BROOKLYN,BROOKLYN,,,Unspecified,BROOKLYN,Unspecified,Unspecified,Unspecified,Unspecified,Unspecified,Unspecified,Unspecified,Unspecified,Unspecified,,,,,,,,,,,,,,,
10218206,01/05/2008 12:00:00 AM,01/15/2008 12:00:00 AM,DOT,Department of Transportation,Traffic Signal Condition,LED Lense,,,,,,,LINDEN BLVD,235 ST,INTERSECTION,,,N/A,Closed,,01/15/2008 12:00:00 AM,Unspecified QUEENS,QUEENS,,,Unspecified,QUEENS,Unspecified,Unspecified,Unspecified,Unspecified,Unspecified,Unspecified,Unspecified,Unspecified,Unspecified,,,,,,,,,,,,,,,
10761360,03/20/2008 12:00:00 AM,03/21/2008 12:00:00 AM,DSNY,BCC - Brooklyn North,Sanitation Condition,15 Street Cond/Dump-Out/Drop-Off,Street,,,,,,,,,,,DSNY Garage,Closed,,03/21/2008 12:00:00 AM,05 BROOKLYN,BROOKLYN,,,Unspecified,BROOKLYN,Unspecified,Unspecified,Unspecified,Unspecified,Unspecified,Unspecified,Unspecified,Unspecified,Unspecified,,,,,,,,,,,,,,,
10188512,01/02/2008 12:00:00 AM,01/04/2008 12:00:00 AM,DOT,Department of Transportation,Street Light Condition,Multiple Street Lights Out,,,,,,,125 ST W,8 AVE,INTERSECTION,,,N/A,Closed,,01/04/2008 12:00:00 AM,Unspecified MANHATTAN,MANHATTAN,,,Unspecified,MANHATTAN,Unspecified,Unspecified,Unspecified,Unspecified,Unspecified,Unspecified,Unspecified,Unspecified,Unspecified,,,,,,,,,,,,,,,
10761176,03/19/2008 12:00:00 AM,03/19/2008 12:00:00 AM,DOT,Department of Transportation,Traffic Signal Condition,Pedestrian Signal,,,,,,,1 AVE,HOUSTON ST E,INTERSECTION,,,N/A,Closed,,03/19/2008 12:00:00 AM,Unspecified MANHATTAN,MANHATTAN,,,Unspecified,MANHATTAN,Unspecified,Unspecified,Unspecified,Unspecified,Unspecified,Unspecified,Unspecified,Unspecified,Unspecified,,,,,,,,,,,,,,,
10188694,01/02/2008 12:00:00 AM,10/10/2007 12:00:00 AM,DOT,Department of Transportation,Street Light Condition,Street Light Out,,,,,,,135 ST E,PARK AVE,INTERSECTION,,,N/A,Pending,,10/10/2007 12:00:00 AM,Unspecified BRONX,BRONX,,,Unspecified,BRONX,Unspecified,Unspecified,Unspecified,Unspecified,Unspecified,Unspecified,Unspecified,Unspecified,Unspecified,,,,,,,,,,,,,,,
10758170,03/20/2008 12:00:00 AM,03/26/2008 12:00:00 AM,DEP,Department of Environmental Protection,Sewer,Street Cave-In / Depression (SG),,,1 E 21 ST,E 21 ST,BROADWAY,PARK AVE,,,BLOCKFACE,,,N/A,Closed,,03/26/2008 12:00:00 AM,Unspecified MANHATTAN,MANHATTAN,,,Unspecified,MANHATTAN,Unspecified,Unspecified,Unspecified,Unspecified,Unspecified,Unspecified,Unspecified,Unspecified,Unspecified,,,,,,,,,,,,,,,
10758181,03/18/2008 12:00:00 AM,03/19/2008 12:00:00 AM,DOT,Department of Transportation,Street Condition,Pothole,,,,,,,CHURCH AVENUE,RALPH AVENUE,INTERSECTION,,,N/A,Closed,,03/19/2008 12:00:00 AM,Unspecified BROOKLYN,BROOKLYN,,,Unspecified,BROOKLYN,Unspecified,Unspecified,Unspecified,Unspecified,Unspecified,Unspecified,Unspecified,Unspecified,Unspecified,,,,,,,,,,,,,,,
10201499,01/03/2008 12:00:00 AM,01/03/2008 12:00:00 AM,DOT,Department of Transportation,Traffic Signal Condition,Controller,,,,,,,ST ANNS AVE,149 ST E,INTERSECTION,,,N/A,Closed,,01/03/2008 12:00:00 AM,Unspecified BRONX,BRONX,,,Unspecified,BRONX,Unspecified,Unspecified,Unspecified,Unspecified,Unspecified,Unspecified,Unspecified,Unspecified,Unspecified,,,,,,,,,,,,,,,
10230183,01/07/2008 12:00:00 AM,12/05/2007 12:00:00 AM,DOT,Department of Transportation,Street Light Condition,Street Light Out,,,,,,,3 AVE,167 ST E,INTERSECTION,,,N/A,Pending,,12/05/2007 12:00:00 AM,Unspecified BRONX,BRONX,,,Unspecified,BRONX,Unspecified,Unspecified,Unspecified,Unspecified,Unspecified,Unspecified,Unspecified,Unspecified,Unspecified,,,,,,,,,,,,,,,
10761373,03/20/2008 12:00:00 AM,03/21/2008 12:00:00 AM,DOT,Department of Transportation,Traffic Signal Condition,Controller,,,,,,,HUDSON ST,14 ST W,INTERSECTION,,,N/A,Closed,,03/21/2008 12:00:00 AM,Unspecified MANHATTAN,MANHATTAN,,,Unspecified,MANHATTAN,Unspecified,Unspecified,Unspecified,Unspecified,Unspecified,Unspecified,Unspecified,Unspecified,Unspecified,,,,,,,,,,,,,,,
10189055,01/02/2008 12:00:00 AM,01/02/2008 12:00:00 AM,DOT,Department of Transportation,Street Light Condition,Street Light Cycling,,, PARADE GROUND,PARADE GROUND,CATON AVE,CONEY ISL AVE,,,BLOCKFACE,,,N/A,Closed,,01/02/2008 12:00:00 AM,Unspecified BROOKLYN,BROOKLYN,,,Unspecified,BROOKLYN,Unspecified,Unspecified,Unspecified,Unspecified,Unspecified,Unspecified,Unspecified,Unspecified,Unspecified,,,,,,,,,,,,,,,
10754401,03/19/2008 12:00:00 AM,03/19/2008 12:00:00 AM,DEP,Department of Environmental Protection,Sewer,Catch Basin Clogged/Flooding (Use Comments) (SC),,,,,,,LAKE ST,AVENUE,INTERSECTION,,,N/A,Closed,,03/19/2008 12:00:00 AM,Unspecified BROOKLYN,BROOKLYN,,,Unspecified,BROOKLYN,Unspecified,Unspecified,Unspecified,Unspecified,Unspecified,Unspecified,Unspecified,Unspecified,Unspecified,,,,,,,,,,,,,,,
10759564,03/20/2008 12:00:00 AM,03/20/2008 12:00:00 AM,DOT,Department of Transportation,Traffic Signal Condition,Base Door,,,,,,,ST MARKS AVE,EASTERN PKWY,INTERSECTION,,,N/A,Closed,,03/20/2008 12:00:00 AM,Unspecified BROOKLYN,BROOKLYN,,,Unspecified,BROOKLYN,Unspecified,Unspecified,Unspecified,Unspecified,Unspecified,Unspecified,Unspecified,Unspecified,Unspecified,,,,,,,,,,,,,,,
10188482,01/02/2008 12:00:00 AM,01/01/2008 12:00:00 AM,DOT,Department of Transportation,Street Light Condition,Street Light Out,,,,,,,LEXINGTON AVE,94 ST E,INTERSECTION,,,N/A,Pending,,01/01/2008 12:00:00 AM,Unspecified MANHATTAN,MANHATTAN,,,Unspecified,MANHATTAN,Unspecified,Unspecified,Unspecified,Unspecified,Unspecified,Unspecified,Unspecified,Unspecified,Unspecified,,,,,,,,,,,,,,,
10188483,01/02/2008 12:00:00 AM,01/01/2008 12:00:00 AM,DOT,Department of Transportation,Street Light Condition,Street Light Out,,,,,,,AVE C,11 ST E,INTERSECTION,,,N/A,Pending,,01/01/2008 12:00:00 AM,Unspecified MANHATTAN,MANHATTAN,,,Unspecified,MANHATTAN,Unspecified,Unspecified,Unspecified,Unspecified,Unspecified,Unspecified,Unspecified,Unspecified,Unspecified,,,,,,,,,,,,,,,
10188513,01/02/2008 12:00:00 AM,04/17/2008 12:00:00 AM,DOT,Department of Transportation,Street Light Condition,Street Light Out,,, HENRY HUDSON PKWY,HENRY HUDSON PKWY,130 ST W,,,,,,,N/A,Closed,,04/17/2008 12:00:00 AM,Unspecified MANHATTAN,MANHATTAN,,,Unspecified,MANHATTAN,Unspecified,Unspecified,Unspecified,Unspecified,Unspecified,Unspecified,Unspecified,Unspecified,Unspecified,,,,,,,,,,,,,,,
10758209,03/20/2008 12:00:00 AM,03/21/2008 12:00:00 AM,DOB,Department of Buildings,General Construction/Plumbing,Sidewalk Shed/Pipe Scafford - Inadequate Defective/None,,,143 WILLIS AVE,WILLIS AVE,,,,,ADDRESS,,,N/A,Assigned,,03/21/2008 12:00:00 AM,Unspecified BRONX,BRONX,,,Unspecified,BRONX,Unspecified,Unspecified,Unspecified,Unspecified,Unspecified,Unspecified,Unspecified,Unspecified,Unspecified,,,,,,,,,,,,,,,
10758213,03/20/2008 12:00:00 AM,03/20/2008 12:00:00 AM,DOT,Department of Transportation,Traffic Signal Condition,LED Pedestrian Unit,,,,,,,THRGS NCK EXPY S S/R,LAFAYETTE AVE,INTERSECTION,,,N/A,Closed,,03/20/2008 12:00:00 AM,Unspecified BRONX,BRONX,,,Unspecified,BRONX,Unspecified,Unspecified,Unspecified,Unspecified,Unspecified,Unspecified,Unspecified,Unspecified,Unspecified,,,,,,,,,,,,,,,
10189056,01/02/2008 12:00:00 AM,01/02/2008 12:00:00 AM,DOT,Department of Transportation,Street Light Condition,Street Light Out,,, PARADE GROUND,PARADE GROUND,CATON AVE,CONEY ISL AVE,,,BLOCKFACE,,,N/A,Closed,,01/02/2008 12:00:00 AM,Unspecified BROOKLYN,BROOKLYN,,,Unspecified,BROOKLYN,Unspecified,Unspecified,Unspecified,Unspecified,Unspecified,Unspecified,Unspecified,Unspecified,Unspecified,,,,,,,,,,,,,,,
10758575,03/20/2008 12:00:00 AM,03/21/2008 12:00:00 AM,DOT,Department of Transportation,Traffic Signal Condition,Veh Signal Lamp,,,,,,,PARK AVE,94 ST E,INTERSECTION,,,N/A,Closed,,03/21/2008 12:00:00 AM,Unspecified MANHATTAN,MANHATTAN,,,Unspecified,MANHATTAN,Unspecified,Unspecified,Unspecified,Unspecified,Unspecified,Unspecified,Unspecified,Unspecified,Unspecified,,,,,,,,,,,,,,,
10188514,01/02/2008 12:00:00 AM,04/15/2008 12:00:00 AM,DOT,Department of Transportation,Street Light Condition,Lamppost Knocked Down,,,,,,,130 ST W,8 AVE,INTERSECTION,,,N/A,Closed,,04/15/2008 12:00:00 AM,Unspecified MANHATTAN,MANHATTAN,,,Unspecified,MANHATTAN,Unspecified,Unspecified,Unspecified,Unspecified,Unspecified,Unspecified,Unspecified,Unspecified,Unspecified,,,,,,,,,,,,,,,
10758232,03/18/2008 12:00:00 AM,03/18/2008 12:00:00 AM,DOT,Department of Transportation,Traffic Signal Condition,Street Light Feed,,,,,,,WHITE PLAINS RD,PELHAM PKWY,INTERSECTION,,,N/A,Closed,,03/18/2008 12:00:00 AM,Unspecified BRONX,BRONX,,,Unspecified,BRONX,Unspecified,Unspecified,Unspecified,Unspecified,Unspecified,Unspecified,Unspecified,Unspecified,Unspecified,,,,,,,,,,,,,,,
10758237,03/20/2008 12:00:00 AM,03/20/2008 12:00:00 AM,DOT,Department of Transportation,Traffic Signal Condition,Controller,,,,,,,2 AVE,40 ST E,INTERSECTION,,,N/A,Closed,,03/20/2008 12:00:00 AM,Unspecified MANHATTAN,MANHATTAN,,,Unspecified,MANHATTAN,Unspecified,Unspecified,Unspecified,Unspecified,Unspecified,Unspecified,Unspecified,Unspecified,Unspecified,,,,,,,,,,,,,,,
10188515,01/02/2008 12:00:00 AM,01/07/2008 12:00:00 AM,DOT,Department of Transportation,Street Light Condition,Lamppost Leaning,,,,,,,AMSTERDAM AVE,74 ST W,INTERSECTION,,,N/A,Closed,,01/07/2008 12:00:00 AM,Unspecified MANHATTAN,MANHATTAN,,,Unspecified,MANHATTAN,Unspecified,Unspecified,Unspecified,Unspecified,Unspecified,Unspecified,Unspecified,Unspecified,Unspecified,,,,,,,,,,,,,,,
10761639,03/20/2008 12:00:00 AM,03/20/2008 12:00:00 AM,DOT,Department of Transportation,Traffic Signal Condition,Controller,,,,,,,QUEENS BLVD,34 ST,INTERSECTION,,,N/A,Closed,,03/20/2008 12:00:00 AM,Unspecified QUEENS,QUEENS,,,Unspecified,QUEENS,Unspecified,Unspecified,Unspecified,Unspecified,Unspecified,Unspecified,Unspecified,Unspecified,Unspecified,,,,,,,,,,,,,,,
10761647,03/20/2008 12:00:00 AM,03/23/2008 12:00:00 AM,DEP,Department of Environmental Protection,Water System,Hydrant Running (WC3),,,,,,,CAMPUS RD,UNION TPKE,INTERSECTION,,,N/A,Closed,,03/23/2008 12:00:00 AM,Unspecified QUEENS,QUEENS,,,Unspecified,QUEENS,Unspecified,Unspecified,Unspecified,Unspecified,Unspecified,Unspecified,Unspecified,Unspecified,Unspecified,,,,,,,,,,,,,,,
10761976,03/19/2008 12:00:00 AM,03/31/2008 12:00:00 AM,DOT,Department of Transportation,Street Condition,Pothole,,,,,,,PORT RICHMOND AVENUE,RICHMOND TERRACE,INTERSECTION,,,N/A,Closed,,03/31/2008 12:00:00 AM,Unspecified STATEN ISLAND,STATEN ISLAND,,,Unspecified,STATEN ISLAND,Unspecified,Unspecified,Unspecified,Unspecified,Unspecified,Unspecified,Unspecified,Unspecified,Unspecified,,,,,,,,,,,,,,,
10188484,01/02/2008 12:00:00 AM,01/01/2008 12:00:00 AM,DOT,Department of Transportation,Street Light Condition,Street Light Out,,,,,,,14 ST E,AVE B,INTERSECTION,,,N/A,Pending,,01/01/2008 12:00:00 AM,Unspecified MANHATTAN,MANHATTAN,,,Unspecified,MANHATTAN,Unspecified,Unspecified,Unspecified,Unspecified,Unspecified,Unspecified,Unspecified,Unspecified,Unspecified,,,,,,,,,,,,,,,
10761876,03/20/2008 12:00:00 AM,03/20/2008 12:00:00 AM,DOT,Department of Transportation,Traffic Signal Condition,Pedestrian Signal,,,,,,,MADISON AVE,99 ST E,INTERSECTION,,,N/A,Closed,,03/20/2008 12:00:00 AM,Unspecified MANHATTAN,MANHATTAN,,,Unspecified,MANHATTAN,Unspecified,Unspecified,Unspecified,Unspecified,Unspecified,Unspecified,Unspecified,Unspecified,Unspecified,,,,,,,,,,,,,,,
10188516,01/02/2008 12:00:00 AM,01/03/2008 12:00:00 AM,DOT,Department of Transportation,Street Light Condition,Fixture/Luminaire Damaged,,,,,,,71 ST E,LEXINGTON AVE,INTERSECTION,,,N/A,Closed,,01/03/2008 12:00:00 AM,Unspecified MANHATTAN,MANHATTAN,,,Unspecified,MANHATTAN,Unspecified,Unspecified,Unspecified,Unspecified,Unspecified,Unspecified,Unspecified,Unspecified,Unspecified,,,,,,,,,,,,,,,
10201500,01/03/2008 12:00:00 AM,01/03/2008 12:00:00 AM,DOT,Department of Transportation,Traffic Signal Condition,Controller,,,,,,,ST ANNS AVE,149 ST E,INTERSECTION,,,N/A,Closed,,01/03/2008 12:00:00 AM,Unspecified BRONX,BRONX,,,Unspecified,BRONX,Unspecified,Unspecified,Unspecified,Unspecified,Unspecified,Unspecified,Unspecified,Unspecified,Unspecified,,,,,,,,,,,,,,,
10188517,01/02/2008 12:00:00 AM,01/11/2008 12:00:00 AM,DOT,Department of Transportation,Street Light Condition,Lamppost Base Door/Cover Missing,,,,,,,BROADWAY,71 ST W,INTERSECTION,,,N/A,Closed,,01/11/2008 12:00:00 AM,Unspecified MANHATTAN,MANHATTAN,,,Unspecified,MANHATTAN,Unspecified,Unspecified,Unspecified,Unspecified,Unspecified,Unspecified,Unspecified,Unspecified,Unspecified,,,,,,,,,,,,,,,
10188518,01/02/2008 12:00:00 AM,01/03/2008 12:00:00 AM,DOT,Department of Transportation,Street Light Condition,Lamppost Base Door/Cover Open,,,,,,,CENTRAL PARK W,65 ST W,INTERSECTION,,,N/A,Closed,,01/03/2008 12:00:00 AM,Unspecified MANHATTAN,MANHATTAN,,,Unspecified,MANHATTAN,Unspecified,Unspecified,Unspecified,Unspecified,Unspecified,Unspecified,Unspecified,Unspecified,Unspecified,,,,,,,,,,,,,,,
10201501,01/03/2008 12:00:00 AM,01/03/2008 12:00:00 AM,DOT,Department of Transportation,Traffic Signal Condition,Controller,,,,,,,MACOMBS RD,176 ST W,INTERSECTION,,,N/A,Closed,,01/03/2008 12:00:00 AM,Unspecified BRONX,BRONX,,,Unspecified,BRONX,Unspecified,Unspecified,Unspecified,Unspecified,Unspecified,Unspecified,Unspecified,Unspecified,Unspecified,,,,,,,,,,,,,,,
10761465,03/20/2008 12:00:00 AM,03/20/2008 12:00:00 AM,DOT,Department of Transportation,Traffic Signal Condition,Street Light Feed,,,,,,,195 ST E,RESERVOIR AVE,INTERSECTION,,,N/A,Closed,,03/20/2008 12:00:00 AM,Unspecified BRONX,BRONX,,,Unspecified,BRONX,Unspecified,Unspecified,Unspecified,Unspecified,Unspecified,Unspecified,Unspecified,Unspecified,Unspecified,,,,,,,,,,,,,,,
10188485,01/02/2008 12:00:00 AM,01/01/2008 12:00:00 AM,DOT,Department of Transportation,Street Light Condition,Multiple Street Lights Out,,,,,,,2 AVE,9 ST E,INTERSECTION,,,N/A,Pending,,01/01/2008 12:00:00 AM,Unspecified MANHATTAN,MANHATTAN,,,Unspecified,MANHATTAN,Unspecified,Unspecified,Unspecified,Unspecified,Unspecified,Unspecified,Unspecified,Unspecified,Unspecified,,,,,,,,,,,,,,,
10229593,01/07/2008 12:00:00 AM,01/07/2008 12:00:00 AM,DOT,Department of Transportation,Traffic Signal Condition,Controller,,,,,,,21 ST,HOYT AVE,INTERSECTION,,,N/A,Closed,,01/07/2008 12:00:00 AM,Unspecified QUEENS,QUEENS,,,Unspecified,QUEENS,Unspecified,Unspecified,Unspecified,Unspecified,Unspecified,Unspecified,Unspecified,Unspecified,Unspecified,,,,,,,,,,,,,,,
10188486,01/02/2008 12:00:00 AM,01/01/2008 12:00:00 AM,DOT,Department of Transportation,Street Light Condition,Street Light Out,,,,,,,AMSTERDAM AVE,99 ST W,INTERSECTION,,,N/A,Pending,,01/01/2008 12:00:00 AM,Unspecified MANHATTAN,MANHATTAN,,,Unspecified,MANHATTAN,Unspecified,Unspecified,Unspecified,Unspecified,Unspecified,Unspecified,Unspecified,Unspecified,Unspecified,,,,,,,,,,,,,,,
10760245,03/20/2008 12:00:00 AM,03/21/2008 12:00:00 AM,DSNY,A - Queens,Dirty Conditions,E3A Dirty Area/Alleyway,Lot,, 31-46 99TH STREET,31-46 99TH STREET,31 AVENUE,32 AVENUE,,,BLOCKFACE,,,N/A,Closed,,03/21/2008 12:00:00 AM,03 QUEENS,QUEENS,,,Unspecified,QUEENS,Unspecified,Unspecified,Unspecified,Unspecified,Unspecified,Unspecified,Unspecified,Unspecified,Unspecified,,,,,,,,,,,,,,,
10229594,01/07/2008 12:00:00 AM,01/07/2008 12:00:00 AM,DOT,Department of Transportation,Traffic Signal Condition,Controller,,,,,,,21 ST,HOYT AVE S,INTERSECTION,,,N/A,Closed,,01/07/2008 12:00:00 AM,Unspecified QUEENS,QUEENS,,,Unspecified,QUEENS,Unspecified,Unspecified,Unspecified,Unspecified,Unspecified,Unspecified,Unspecified,Unspecified,Unspecified,,,,,,,,,,,,,,,
10761771,03/20/2008 12:00:00 AM,03/20/2008 12:00:00 AM,DOT,Department of Transportation,Traffic Signal Condition,Veh Signal Lamp,,,,,,,9 AVE,14 ST W,INTERSECTION,,,N/A,Closed,,03/20/2008 12:00:00 AM,Unspecified MANHATTAN,MANHATTAN,,,Unspecified,MANHATTAN,Unspecified,Unspecified,Unspecified,Unspecified,Unspecified,Unspecified,Unspecified,Unspecified,Unspecified,,,,,,,,,,,,,,,
10188519,01/02/2008 12:00:00 AM,01/03/2008 12:00:00 AM,DOT,Department of Transportation,Street Light Condition,Glassware Broken,,, RIVERSIDE DR,RIVERSIDE DR,79 ST W,80 ST W,,,BLOCKFACE,,,N/A,Closed,,01/03/2008 12:00:00 AM,Unspecified MANHATTAN,MANHATTAN,,,Unspecified,MANHATTAN,Unspecified,Unspecified,Unspecified,Unspecified,Unspecified,Unspecified,Unspecified,Unspecified,Unspecified,,,,,,,,,,,,,,,
10761939,03/20/2008 12:00:00 AM,,DOB,Department of Buildings,Special Projects Inspection Team (SPIT),Illegal Hotel Rooms In Residential Building,,,242 EAST 89 STREET,EAST 89 STREET,,,,,,,,N/A,Open,,,Unspecified MANHATTAN,MANHATTAN,,,Unspecified,MANHATTAN,Unspecified,Unspecified,Unspecified,Unspecified,Unspecified,Unspecified,Unspecified,Unspecified,Unspecified,,,,,,,,,,,,,,,
10188520,01/02/2008 12:00:00 AM,01/03/2008 12:00:00 AM,DOT,Department of Transportation,Street Light Condition,Street Light Out,,, FDR DR,FDR DR,138 ST E,,,,,,,N/A,Closed,,01/03/2008 12:00:00 AM,Unspecified MANHATTAN,MANHATTAN,,,Unspecified,MANHATTAN,Unspecified,Unspecified,Unspecified,Unspecified,Unspecified,Unspecified,Unspecified,Unspecified,Unspecified,,,,,,,,,,,,,,,
10188521,01/02/2008 12:00:00 AM,01/03/2008 12:00:00 AM,DOT,Department of Transportation,Street Light Condition,Wood Pole Leaning,,,,,,,74 ST W,AMSTERDAM AVE,INTERSECTION,,,N/A,Closed,,01/03/2008 12:00:00 AM,Unspecified MANHATTAN,MANHATTAN,,,Unspecified,MANHATTAN,Unspecified,Unspecified,Unspecified,Unspecified,Unspecified,Unspecified,Unspecified,Unspecified,Unspecified,,,,,,,,,,,,,,,
10760289,03/20/2008 12:00:00 AM,03/21/2008 12:00:00 AM,DOT,Department of Transportation,Traffic Signal Condition,Controller,,,,,,,2 AVE,2 ST E,INTERSECTION,,,N/A,Closed,,03/21/2008 12:00:00 AM,Unspecified MANHATTAN,MANHATTAN,,,Unspecified,MANHATTAN,Unspecified,Unspecified,Unspecified,Unspecified,Unspecified,Unspecified,Unspecified,Unspecified,Unspecified,,,,,,,,,,,,,,,
10188487,01/02/2008 12:00:00 AM,01/01/2008 12:00:00 AM,DOT,Department of Transportation,Street Light Condition,Street Light Out,,,,,,,RIVERSIDE DR,97 ST W,INTERSECTION,,,N/A,Pending,,01/01/2008 12:00:00 AM,Unspecified MANHATTAN,MANHATTAN,,,Unspecified,MANHATTAN,Unspecified,Unspecified,Unspecified,Unspecified,Unspecified,Unspecified,Unspecified,Unspecified,Unspecified,,,,,,,,,,,,,,,
10761605,03/20/2008 12:00:00 AM,03/20/2008 12:00:00 AM,DOT,Department of Transportation,Traffic Signal Condition,Controller,,,,,,,AVE C,HOUSTON ST E,INTERSECTION,,,N/A,Closed,,03/20/2008 12:00:00 AM,Unspecified MANHATTAN,MANHATTAN,,,Unspecified,MANHATTAN,Unspecified,Unspecified,Unspecified,Unspecified,Unspecified,Unspecified,Unspecified,Unspecified,Unspecified,,,,,,,,,,,,,,,
10188522,01/02/2008 12:00:00 AM,05/28/2008 12:00:00 AM,DOT,Department of Transportation,Street Light Condition,Lamppost Wire Exposed,,,,,,,PARK AVE,81 ST E,INTERSECTION,,,N/A,Closed,,05/28/2008 12:00:00 AM,Unspecified MANHATTAN,MANHATTAN,,,Unspecified,MANHATTAN,Unspecified,Unspecified,Unspecified,Unspecified,Unspecified,Unspecified,Unspecified,Unspecified,Unspecified,,,,,,,,,,,,,,,
10761619,03/19/2008 12:00:00 AM,03/25/2008 12:00:00 AM,DOT,Department of Transportation,Street Condition,Pothole,,,,,,,BAY STREET,VICTORY BOULEVARD,INTERSECTION,,,N/A,Closed,,03/25/2008 12:00:00 AM,Unspecified STATEN ISLAND,STATEN ISLAND,,,Unspecified,STATEN ISLAND,Unspecified,Unspecified,Unspecified,Unspecified,Unspecified,Unspecified,Unspecified,Unspecified,Unspecified,,,,,,,,,,,,,,,
10189057,01/02/2008 12:00:00 AM,01/02/2008 12:00:00 AM,DOT,Department of Transportation,Street Light Condition,Street Light Out,,, SHERMAN ST,SHERMAN ST,SAME AS FIRST CROSS ST,SEE COMMENTS FOR CROSS ST,,,BLOCKFACE,,,N/A,Pending,,01/02/2008 12:00:00 AM,Unspecified BROOKLYN,BROOKLYN,,,Unspecified,BROOKLYN,Unspecified,Unspecified,Unspecified,Unspecified,Unspecified,Unspecified,Unspecified,Unspecified,Unspecified,,,,,,,,,,,,,,,
10189058,01/02/2008 12:00:00 AM,01/02/2008 12:00:00 AM,DOT,Department of Transportation,Street Light Condition,Street Light Out,,, GREENWOOD PLGD,GREENWOOD PLGD,FORT HAMILTON PKWY,GREENWOOD AVE,,,BLOCKFACE,,,N/A,Closed,,01/02/2008 12:00:00 AM,Unspecified BROOKLYN,BROOKLYN,,,Unspecified,BROOKLYN,Unspecified,Unspecified,Unspecified,Unspecified,Unspecified,Unspecified,Unspecified,Unspecified,Unspecified,,,,,,,,,,,,,,,
10236542,01/08/2008 12:00:00 AM,12/03/2007 12:00:00 AM,DOT,Department of Transportation,Street Light Condition,Street Light Out,,,,,,,DIGNEY AVE,233 ST E,INTERSECTION,,,N/A,Pending,,12/03/2007 12:00:00 AM,Unspecified BRONX,BRONX,,,Unspecified,BRONX,Unspecified,Unspecified,Unspecified,Unspecified,Unspecified,Unspecified,Unspecified,Unspecified,Unspecified,,,,,,,,,,,,,,,
10189059,01/02/2008 12:00:00 AM,01/02/2008 12:00:00 AM,DOT,Department of Transportation,Street Light Condition,Time Clock Maladjusted,,, GRANT SQR GORE,GRANT SQR GORE,BEDFORD AVE,BERGEN ST,,,BLOCKFACE,,,N/A,Closed,,01/02/2008 12:00:00 AM,Unspecified BROOKLYN,BROOKLYN,,,Unspecified,BROOKLYN,Unspecified,Unspecified,Unspecified,Unspecified,Unspecified,Unspecified,Unspecified,Unspecified,Unspecified,,,,,,,,,,,,,,,
10760045,03/20/2008 12:00:00 AM,03/23/2008 12:00:00 AM,DOT,Department of Transportation,Traffic Signal Condition,Cable,,,,,,,JEROME AVE,213 ST E,INTERSECTION,,,N/A,Closed,,03/23/2008 12:00:00 AM,Unspecified BRONX,BRONX,,,Unspecified,BRONX,Unspecified,Unspecified,Unspecified,Unspecified,Unspecified,Unspecified,Unspecified,Unspecified,Unspecified,,,,,,,,,,,,,,,
10188523,01/02/2008 12:00:00 AM,01/02/2008 12:00:00 AM,DOT,Department of Transportation,Street Light Condition,Street Light Out,,,,,,,3 AVE,35 ST E,INTERSECTION,,,N/A,Closed,,01/02/2008 12:00:00 AM,Unspecified MANHATTAN,MANHATTAN,,,Unspecified,MANHATTAN,Unspecified,Unspecified,Unspecified,Unspecified,Unspecified,Unspecified,Unspecified,Unspecified,Unspecified,,,,,,,,,,,,,,,
10759668,03/20/2008 12:00:00 AM,03/20/2008 12:00:00 AM,DOT,Department of Transportation,Traffic Signal Condition,Controller,,,,,,,METROPOLITAN AVE,79 ST,INTERSECTION,,,N/A,Closed,,03/20/2008 12:00:00 AM,Unspecified QUEENS,QUEENS,,,Unspecified,QUEENS,Unspecified,Unspecified,Unspecified,Unspecified,Unspecified,Unspecified,Unspecified,Unspecified,Unspecified,,,,,,,,,,,,,,,
10759593,03/20/2008 12:00:00 AM,03/20/2008 12:00:00 AM,DOT,Department of Transportation,Traffic Signal Condition,Veh Signal Head,,,,,,,PARSONS BLVD,85 AVE,INTERSECTION,,,N/A,Closed,,03/20/2008 12:00:00 AM,Unspecified QUEENS,QUEENS,,,Unspecified,QUEENS,Unspecified,Unspecified,Unspecified,Unspecified,Unspecified,Unspecified,Unspecified,Unspecified,Unspecified,,,,,,,,,,,,,,,
10760534,03/20/2008 12:00:00 AM,03/20/2008 12:00:00 AM,DOT,Department of Transportation,Traffic Signal Condition,Ped Flasher,,,,,,,FLUSHING AVE,METROPOLITAN AVE,INTERSECTION,,,N/A,Closed,,03/20/2008 12:00:00 AM,Unspecified QUEENS,QUEENS,,,Unspecified,QUEENS,Unspecified,Unspecified,Unspecified,Unspecified,Unspecified,Unspecified,Unspecified,Unspecified,Unspecified,,,,,,,,,,,,,,,
10760536,03/20/2008 12:00:00 AM,04/25/2008 12:00:00 AM,DOB,Department of Buildings,General Construction/Plumbing,Fence - None/Inadequate,,,176-08 108 ROAD,108 ROAD,,,,,ADDRESS,,,N/A,Closed,,04/25/2008 12:00:00 AM,Unspecified QUEENS,QUEENS,,,Unspecified,QUEENS,Unspecified,Unspecified,Unspecified,Unspecified,Unspecified,Unspecified,Unspecified,Unspecified,Unspecified,,,,,,,,,,,,,,,
10760542,03/20/2008 12:00:00 AM,03/20/2008 12:00:00 AM,DOT,Department of Transportation,Traffic Signal Condition,Controller,,,,,,,9 AVE,42 ST W,INTERSECTION,,,N/A,Closed,,03/20/2008 12:00:00 AM,Unspecified MANHATTAN,MANHATTAN,,,Unspecified,MANHATTAN,Unspecified,Unspecified,Unspecified,Unspecified,Unspecified,Unspecified,Unspecified,Unspecified,Unspecified,,,,,,,,,,,,,,,
10188524,01/02/2008 12:00:00 AM,01/03/2008 12:00:00 AM,DOT,Department of Transportation,Street Light Condition,Street Light Out,,,,,,,71 ST E,LEXINGTON AVE,INTERSECTION,,,N/A,Closed,,01/03/2008 12:00:00 AM,Unspecified MANHATTAN,MANHATTAN,,,Unspecified,MANHATTAN,Unspecified,Unspecified,Unspecified,Unspecified,Unspecified,Unspecified,Unspecified,Unspecified,Unspecified,,,,,,,,,,,,,,,
10761706,03/20/2008 12:00:00 AM,03/21/2008 12:00:00 AM,DSNY,"A - Illegal Posting Staten Island, Queens and Brooklyn",Dirty Conditions,E15 Illegal Postering,Sidewalk,,,,,,MERRICK BOULEVARD,FARMERS BOULEVARD,INTERSECTION,,,N/A,Closed,,03/21/2008 12:00:00 AM,12 QUEENS,QUEENS,,,Unspecified,QUEENS,Unspecified,Unspecified,Unspecified,Unspecified,Unspecified,Unspecified,Unspecified,Unspecified,Unspecified,,,,,,,,,,,,,,,
10188525,01/02/2008 12:00:00 AM,01/24/2008 12:00:00 AM,DOT,Department of Transportation,Street Light Condition,Multiple Street Lights Out,,, HARLEM RVR DR,HARLEM RVR DR,155 ST W,,,,,,,N/A,Closed,,01/24/2008 12:00:00 AM,Unspecified MANHATTAN,MANHATTAN,,,Unspecified,MANHATTAN,Unspecified,Unspecified,Unspecified,Unspecified,Unspecified,Unspecified,Unspecified,Unspecified,Unspecified,,,,,,,,,,,,,,,
10188526,01/02/2008 12:00:00 AM,01/29/2008 12:00:00 AM,DOT,Department of Transportation,Street Light Condition,Street Light Out,,,,,,,132 ST E,PARK AVE,INTERSECTION,,,N/A,Closed,,01/29/2008 12:00:00 AM,Unspecified MANHATTAN,MANHATTAN,,,Unspecified,MANHATTAN,Unspecified,Unspecified,Unspecified,Unspecified,Unspecified,Unspecified,Unspecified,Unspecified,Unspecified,,,,,,,,,,,,,,,
10761532,03/20/2008 12:00:00 AM,03/20/2008 12:00:00 AM,DOT,Department of Transportation,Traffic Signal Condition,Pedestrian Signal,,,,,,,YORK AVE,81 ST E,INTERSECTION,,,N/A,Closed,,03/20/2008 12:00:00 AM,Unspecified MANHATTAN,MANHATTAN,,,Unspecified,MANHATTAN,Unspecified,Unspecified,Unspecified,Unspecified,Unspecified,Unspecified,Unspecified,Unspecified,Unspecified,,,,,,,,,,,,,,,
10761485,03/20/2008 12:00:00 AM,03/21/2008 12:00:00 AM,DOT,Department of Transportation,Street Condition,Pothole,,,,,,,EINSTEIN LOOP,HUTCHINSON RIV PARKWAY,INTERSECTION,,,N/A,Closed,,03/21/2008 12:00:00 AM,Unspecified BRONX,BRONX,,,Unspecified,BRONX,Unspecified,Unspecified,Unspecified,Unspecified,Unspecified,Unspecified,Unspecified,Unspecified,Unspecified,,,,,,,,,,,,,,,
10760917,03/20/2008 12:00:00 AM,03/21/2008 12:00:00 AM,DSNY,A - Queens,Dirty Conditions,"E4 18"" Law",Street,, LINDEN BOULEVARD,LINDEN BOULEVARD,196 STREET,198 STREET,,,BLOCKFACE,,,N/A,Closed,,03/21/2008 12:00:00 AM,12 QUEENS,QUEENS,,,Unspecified,QUEENS,Unspecified,Unspecified,Unspecified,Unspecified,Unspecified,Unspecified,Unspecified,Unspecified,Unspecified,,,,,,,,,,,,,,,
10760918,03/20/2008 12:00:00 AM,03/24/2008 12:00:00 AM,DOT,Department of Transportation,Traffic Signal Condition,Temporary,,,,,,,GRAND ARMY PLAZA,UNION ST,INTERSECTION,,,N/A,Closed,,03/24/2008 12:00:00 AM,Unspecified BROOKLYN,BROOKLYN,,,Unspecified,BROOKLYN,Unspecified,Unspecified,Unspecified,Unspecified,Unspecified,Unspecified,Unspecified,Unspecified,Unspecified,,,,,,,,,,,,,,,
10188527,01/02/2008 12:00:00 AM,01/04/2008 12:00:00 AM,DOT,Department of Transportation,Street Light Condition,Multiple Street Lights Out,,, FDR DR,FDR DR,14 ST E,AVE C,,,BLOCKFACE,,,N/A,Closed,,01/04/2008 12:00:00 AM,Unspecified MANHATTAN,MANHATTAN,,,Unspecified,MANHATTAN,Unspecified,Unspecified,Unspecified,Unspecified,Unspecified,Unspecified,Unspecified,Unspecified,Unspecified,,,,,,,,,,,,,,,
10188528,01/02/2008 12:00:00 AM,01/03/2008 12:00:00 AM,DOT,Department of Transportation,Street Light Condition,Street Light Out,,,,,,,126 ST W,LENOX AVE,INTERSECTION,,,N/A,Closed,,01/03/2008 12:00:00 AM,Unspecified MANHATTAN,MANHATTAN,,,Unspecified,MANHATTAN,Unspecified,Unspecified,Unspecified,Unspecified,Unspecified,Unspecified,Unspecified,Unspecified,Unspecified,,,,,,,,,,,,,,,
10761407,03/20/2008 12:00:00 AM,03/20/2008 12:00:00 AM,DOT,Department of Transportation,Traffic Signal Condition,Controller,,,,,,,PARK AVE,42 ST E,INTERSECTION,,,N/A,Closed,,03/20/2008 12:00:00 AM,Unspecified MANHATTAN,MANHATTAN,,,Unspecified,MANHATTAN,Unspecified,Unspecified,Unspecified,Unspecified,Unspecified,Unspecified,Unspecified,Unspecified,Unspecified,,,,,,,,,,,,,,,
10761566,03/20/2008 12:00:00 AM,03/20/2008 12:00:00 AM,DOT,Department of Transportation,Traffic Signal Condition,Post,,,,,,,RIVERSIDE DR,97 ST W,INTERSECTION,,,N/A,Closed,,03/20/2008 12:00:00 AM,Unspecified MANHATTAN,MANHATTAN,,,Unspecified,MANHATTAN,Unspecified,Unspecified,Unspecified,Unspecified,Unspecified,Unspecified,Unspecified,Unspecified,Unspecified,,,,,,,,,,,,,,,
10188529,01/02/2008 12:00:00 AM,01/03/2008 12:00:00 AM,DOT,Department of Transportation,Street Light Condition,Street Light Out,,,,,,,PARK TERRACE W,217 ST W,INTERSECTION,,,N/A,Closed,,01/03/2008 12:00:00 AM,Unspecified MANHATTAN,MANHATTAN,,,Unspecified,MANHATTAN,Unspecified,Unspecified,Unspecified,Unspecified,Unspecified,Unspecified,Unspecified,Unspecified,Unspecified,,,,,,,,,,,,,,,
10761995,03/20/2008 12:00:00 AM,03/21/2008 12:00:00 AM,DSNY,A - Bronx,Dirty Conditions,E3A Dirty Area/Alleyway,Lot,,,,,,,,,,,N/A,Closed,,03/21/2008 12:00:00 AM,04 BRONX,BRONX,,,Unspecified,BRONX,Unspecified,Unspecified,Unspecified,Unspecified,Unspecified,Unspecified,Unspecified,Unspecified,Unspecified,,,,,,,,,,,,,,,
10761812,03/20/2008 12:00:00 AM,03/21/2008 12:00:00 AM,DSNY,BCC - Staten Island,Sanitation Condition,12 Dead Animals,Sidewalk,, CLOVE ROAD,CLOVE ROAD,VICTORY BOULEVARD,SUNNYSIDE TERRACE,,,BLOCKFACE,,,DSNY Garage,Closed,,03/21/2008 12:00:00 AM,01 STATEN ISLAND,STATEN ISLAND,,,Unspecified,STATEN ISLAND,Unspecified,Unspecified,Unspecified,Unspecified,Unspecified,Unspecified,Unspecified,Unspecified,Unspecified,,,,,,,,,,,,,,,
10236543,01/08/2008 12:00:00 AM,12/03/2007 12:00:00 AM,DOT,Department of Transportation,Street Light Condition,Glassware Missing,,,,,,,MULVEY AVE,233 ST E,INTERSECTION,,,N/A,Pending,,12/03/2007 12:00:00 AM,Unspecified BRONX,BRONX,,,Unspecified,BRONX,Unspecified,Unspecified,Unspecified,Unspecified,Unspecified,Unspecified,Unspecified,Unspecified,Unspecified,,,,,,,,,,,,,,,
10761852,03/20/2008 12:00:00 AM,03/21/2008 12:00:00 AM,DSNY,BCC - Staten Island,Sanitation Condition,12 Dead Animals,Sidewalk,,,,,,,,,,,DSNY Garage,Closed,,03/21/2008 12:00:00 AM,02 STATEN ISLAND,STATEN ISLAND,,,Unspecified,STATEN ISLAND,Unspecified,Unspecified,Unspecified,Unspecified,Unspecified,Unspecified,Unspecified,Unspecified,Unspecified,,,,,,,,,,,,,,,
10188465,01/02/2008 12:00:00 AM,01/01/2008 12:00:00 AM,DOT,Department of Transportation,Street Light Condition,Street Light Out,,,,,,,8 AVE,27 ST W,INTERSECTION,,,N/A,Pending,,01/01/2008 12:00:00 AM,Unspecified MANHATTAN,MANHATTAN,,,Unspecified,MANHATTAN,Unspecified,Unspecified,Unspecified,Unspecified,Unspecified,Unspecified,Unspecified,Unspecified,Unspecified,,,,,,,,,,,,,,,
10760060,03/20/2008 12:00:00 AM,04/16/2008 12:00:00 AM,DEP,Department of Environmental Protection,Sewer,Street Cave-In / Depression (SG),,, MACDOUGAL AVE,MACDOUGAL AVE,8 ST,WAVERLY ST,,,BLOCKFACE,,,N/A,Closed,,04/16/2008 12:00:00 AM,Unspecified MANHATTAN,MANHATTAN,,,Unspecified,MANHATTAN,Unspecified,Unspecified,Unspecified,Unspecified,Unspecified,Unspecified,Unspecified,Unspecified,Unspecified,,,,,,,,,,,,,,,
10188530,01/02/2008 12:00:00 AM,01/03/2008 12:00:00 AM,DOT,Department of Transportation,Street Light Condition,Street Light Out,,,,,,,89 ST E,3 AVE,INTERSECTION,,,N/A,Closed,,01/03/2008 12:00:00 AM,Unspecified MANHATTAN,MANHATTAN,,,Unspecified,MANHATTAN,Unspecified,Unspecified,Unspecified,Unspecified,Unspecified,Unspecified,Unspecified,Unspecified,Unspecified,,,,,,,,,,,,,,,
10760069,03/20/2008 12:00:00 AM,03/20/2008 12:00:00 AM,DOT,Department of Transportation,Traffic Signal Condition,Controller,,,,,,,ROCKAWAY BLVD,VAN WYCK EXPY,INTERSECTION,,,N/A,Closed,,03/20/2008 12:00:00 AM,Unspecified QUEENS,QUEENS,,,Unspecified,QUEENS,Unspecified,Unspecified,Unspecified,Unspecified,Unspecified,Unspecified,Unspecified,Unspecified,Unspecified,,,,,,,,,,,,,,,
10188531,01/02/2008 12:00:00 AM,01/03/2008 12:00:00 AM,DOT,Department of Transportation,Street Light Condition,Street Light Out,,,,,,,142 ST W,RIVERSIDE DR,INTERSECTION,,,N/A,Closed,,01/03/2008 12:00:00 AM,Unspecified MANHATTAN,MANHATTAN,,,Unspecified,MANHATTAN,Unspecified,Unspecified,Unspecified,Unspecified,Unspecified,Unspecified,Unspecified,Unspecified,Unspecified,,,,,,,,,,,,,,,
10188466,01/02/2008 12:00:00 AM,01/01/2008 12:00:00 AM,DOT,Department of Transportation,Street Light Condition,Fixture/Luminaire Door Open,,,,,,,8 AVE,28 ST W,INTERSECTION,,,N/A,Pending,,01/01/2008 12:00:00 AM,Unspecified MANHATTAN,MANHATTAN,,,Unspecified,MANHATTAN,Unspecified,Unspecified,Unspecified,Unspecified,Unspecified,Unspecified,Unspecified,Unspecified,Unspecified,,,,,,,,,,,,,,,
10188532,01/02/2008 12:00:00 AM,01/03/2008 12:00:00 AM,DOT,Department of Transportation,Street Light Condition,Street Light Out,,,,,,,186 ST W,BENNETT AVE,INTERSECTION,,,N/A,Closed,,01/03/2008 12:00:00 AM,Unspecified MANHATTAN,MANHATTAN,,,Unspecified,MANHATTAN,Unspecified,Unspecified,Unspecified,Unspecified,Unspecified,Unspecified,Unspecified,Unspecified,Unspecified,,,,,,,,,,,,,,,
10761595,03/20/2008 12:00:00 AM,03/20/2008 12:00:00 AM,DEP,Department of Environmental Protection,Sewer,Sewer Backup (Use Comments) (SA),,, AVE D,AVE D,E 8 ST,E 10 ST,,,BLOCKFACE,,,N/A,Closed,,03/20/2008 12:00:00 AM,Unspecified MANHATTAN,MANHATTAN,,,Unspecified,MANHATTAN,Unspecified,Unspecified,Unspecified,Unspecified,Unspecified,Unspecified,Unspecified,Unspecified,Unspecified,,,,,,,,,,,,,,,
10760353,03/20/2008 12:00:00 AM,03/20/2008 12:00:00 AM,DOT,Department of Transportation,Traffic Signal Condition,Controller,,,,,,,ROCKAWAY BLVD,VAN WYCK EXPY,INTERSECTION,,,N/A,Closed,,03/20/2008 12:00:00 AM,Unspecified QUEENS,QUEENS,,,Unspecified,QUEENS,Unspecified,Unspecified,Unspecified,Unspecified,Unspecified,Unspecified,Unspecified,Unspecified,Unspecified,,,,,,,,,,,,,,,
10760355,03/20/2008 12:00:00 AM,03/26/2008 12:00:00 AM,DOT,Department of Transportation,Traffic Signal Condition,Veh Signal Head,,,,,,,COOPER AVE,CYPRESS HILLS ST,INTERSECTION,,,N/A,Closed,,03/26/2008 12:00:00 AM,Unspecified QUEENS,QUEENS,,,Unspecified,QUEENS,Unspecified,Unspecified,Unspecified,Unspecified,Unspecified,Unspecified,Unspecified,Unspecified,Unspecified,,,,,,,,,,,,,,,
10761005,03/20/2008 12:00:00 AM,,DEP,Department of Environmental Protection,Water System,Other Water Problem (Use Comments) (WZZ),,,,,,,3 AVE,50 ST,INTERSECTION,,,N/A,Assigned,,03/20/2008 12:00:00 AM,Unspecified BROOKLYN,BROOKLYN,,,Unspecified,BROOKLYN,Unspecified,Unspecified,Unspecified,Unspecified,Unspecified,Unspecified,Unspecified,Unspecified,Unspecified,,,,,,,,,,,,,,,
10759691,03/20/2008 12:00:00 AM,03/20/2008 12:00:00 AM,DOT,Department of Transportation,Traffic Signal Condition,Controller,,,,,,,8 AVE,34 ST W,INTERSECTION,,,N/A,Closed,,03/20/2008 12:00:00 AM,Unspecified MANHATTAN,MANHATTAN,,,Unspecified,MANHATTAN,Unspecified,Unspecified,Unspecified,Unspecified,Unspecified,Unspecified,Unspecified,Unspecified,Unspecified,,,,,,,,,,,,,,,
10759699,03/20/2008 12:00:00 AM,,DOB,Department of Buildings,Special Projects Inspection Team (SPIT),Sign/Awning/Marquee - Illegal/No Permit,,,33-01 169 STREET,169 STREET,,,,,,,,N/A,Open,,,Unspecified QUEENS,QUEENS,,,Unspecified,QUEENS,Unspecified,Unspecified,Unspecified,Unspecified,Unspecified,Unspecified,Unspecified,Unspecified,Unspecified,,,,,,,,,,,,,,,
10759704,03/20/2008 12:00:00 AM,03/20/2009 12:00:00 AM,DEP,Department of Environmental Protection,Sewer,Catch Basin Sunken/Damaged/Raised (SC1),,, STATEN ISLAND EXP,STATEN ISLAND EXP,SOUTH AVE,FOREST AVE,,,BLOCKFACE,,,N/A,Closed,,03/20/2009 12:00:00 AM,Unspecified STATEN ISLAND,STATEN ISLAND,,,Unspecified,STATEN ISLAND,Unspecified,Unspecified,Unspecified,Unspecified,Unspecified,Unspecified,Unspecified,Unspecified,Unspecified,,,,,,,,,,,,,,,
10759944,03/20/2008 12:00:00 AM,03/21/2008 12:00:00 AM,DEP,Department of Environmental Protection,Noise,Noise: Construction Before/After Hours (NM1),,, E 75TH ST,E 75TH ST,LEXINGTON AVE,,,,,,,N/A,Closed,,03/21/2008 12:00:00 AM,Unspecified MANHATTAN,MANHATTAN,,,Unspecified,MANHATTAN,Unspecified,Unspecified,Unspecified,Unspecified,Unspecified,Unspecified,Unspecified,Unspecified,Unspecified,,,,,,,,,,,,,,,
10188533,01/02/2008 12:00:00 AM,01/03/2008 12:00:00 AM,DOT,Department of Transportation,Street Light Condition,Street Light Out,,,,,,,184 ST W,OVERLOOK TERRACE,INTERSECTION,,,N/A,Closed,,01/03/2008 12:00:00 AM,Unspecified MANHATTAN,MANHATTAN,,,Unspecified,MANHATTAN,Unspecified,Unspecified,Unspecified,Unspecified,Unspecified,Unspecified,Unspecified,Unspecified,Unspecified,,,,,,,,,,,,,,,
10760843,03/20/2008 12:00:00 AM,03/20/2008 12:00:00 AM,DEP,Department of Environmental Protection,Water System,No Water/Low Pressure (WA5),,,1210 BAY RDGE AVE,BAY RDGE AVE,12 AVE,13 AVE,,,ADDRESS,,,N/A,Closed,,03/20/2008 12:00:00 AM,Unspecified BROOKLYN,BROOKLYN,,,Unspecified,BROOKLYN,Unspecified,Unspecified,Unspecified,Unspecified,Unspecified,Unspecified,Unspecified,Unspecified,Unspecified,,,,,,,,,,,,,,,
10760844,03/20/2008 12:00:00 AM,03/25/2008 12:00:00 AM,DOT,Department of Transportation,Street Condition,Pothole,,,,,,,DEAD END,DEAD END,INTERSECTION,,,N/A,Closed,,03/25/2008 12:00:00 AM,Unspecified STATEN ISLAND,STATEN ISLAND,,,Unspecified,STATEN ISLAND,Unspecified,Unspecified,Unspecified,Unspecified,Unspecified,Unspecified,Unspecified,Unspecified,Unspecified,,,,,,,,,,,,,,,
10760853,03/20/2008 12:00:00 AM,03/24/2008 12:00:00 AM,DSNY,P - Queens,Dirty Conditions,E12 Illegal Dumping Surveillance,Sidewalk,,,,,,SUTTER AVENUE,81 STREET,INTERSECTION,,,N/A,Closed,,03/24/2008 12:00:00 AM,10 QUEENS,QUEENS,,,Unspecified,QUEENS,Unspecified,Unspecified,Unspecified,Unspecified,Unspecified,Unspecified,Unspecified,Unspecified,Unspecified,,,,,,,,,,,,,,,
10760655,03/20/2008 12:00:00 AM,03/20/2008 12:00:00 AM,DOT,Department of Transportation,Traffic Signal Condition,Support Bracket,,,,,,,PIKE ST,SOUTH ST,INTERSECTION,,,N/A,Closed,,03/20/2008 12:00:00 AM,Unspecified MANHATTAN,MANHATTAN,,,Unspecified,MANHATTAN,Unspecified,Unspecified,Unspecified,Unspecified,Unspecified,Unspecified,Unspecified,Unspecified,Unspecified,,,,,,,,,,,,,,,
10245309,01/09/2008 12:00:00 AM,12/24/2007 12:00:00 AM,DOT,Department of Transportation,Street Light Condition,Street Light Out,,,,,,,WEBSTER AVE,199 ST E,INTERSECTION,,,N/A,Pending,,12/24/2007 12:00:00 AM,Unspecified BRONX,BRONX,,,Unspecified,BRONX,Unspecified,Unspecified,Unspecified,Unspecified,Unspecified,Unspecified,Unspecified,Unspecified,Unspecified,,,,,,,,,,,,,,,
10760914,03/20/2008 12:00:00 AM,03/20/2008 12:00:00 AM,DOT,Department of Transportation,Traffic Signal Condition,Street Light Feed,,,,,,,MORRIS AVE,170 ST E,INTERSECTION,,,N/A,Closed,,03/20/2008 12:00:00 AM,Unspecified BRONX,BRONX,,,Unspecified,BRONX,Unspecified,Unspecified,Unspecified,Unspecified,Unspecified,Unspecified,Unspecified,Unspecified,Unspecified,,,,,,,,,,,,,,,
10188438,01/02/2008 12:00:00 AM,01/10/2008 12:00:00 AM,DOT,Department of Transportation,Street Light Condition,Multiple St Lts Dayburning,,,,,,,EAST END AVE,84 ST E,INTERSECTION,,,N/A,Closed,,01/10/2008 12:00:00 AM,Unspecified MANHATTAN,MANHATTAN,,,Unspecified,MANHATTAN,Unspecified,Unspecified,Unspecified,Unspecified,Unspecified,Unspecified,Unspecified,Unspecified,Unspecified,,,,,,,,,,,,,,,
10188534,01/03/2008 12:00:00 AM,01/03/2008 12:00:00 AM,DOT,Department of Transportation,Street Light Condition,Street Light Out,,,,,,,71 ST E,1 AVE,INTERSECTION,,,N/A,Closed,,01/03/2008 12:00:00 AM,Unspecified MANHATTAN,MANHATTAN,,,Unspecified,MANHATTAN,Unspecified,Unspecified,Unspecified,Unspecified,Unspecified,Unspecified,Unspecified,Unspecified,Unspecified,,,,,,,,,,,,,,,
10188467,01/02/2008 12:00:00 AM,01/01/2008 12:00:00 AM,DOT,Department of Transportation,Street Light Condition,Street Light Out,,,,,,,8 AVE,28 ST W,INTERSECTION,,,N/A,Pending,,01/01/2008 12:00:00 AM,Unspecified MANHATTAN,MANHATTAN,,,Unspecified,MANHATTAN,Unspecified,Unspecified,Unspecified,Unspecified,Unspecified,Unspecified,Unspecified,Unspecified,Unspecified,,,,,,,,,,,,,,,
10245310,01/09/2008 12:00:00 AM,12/24/2007 12:00:00 AM,DOT,Department of Transportation,Street Light Condition,Street Light Out,,,,,,,JEROME AVE,184 ST W,INTERSECTION,,,N/A,Pending,,12/24/2007 12:00:00 AM,Unspecified BRONX,BRONX,,,Unspecified,BRONX,Unspecified,Unspecified,Unspecified,Unspecified,Unspecified,Unspecified,Unspecified,Unspecified,Unspecified,,,,,,,,,,,,,,,
10760583,03/20/2008 12:00:00 AM,03/22/2008 12:00:00 AM,DSNY,P - Queens,Dirty Conditions,E12 Illegal Dumping Surveillance,Sidewalk,, 99VE,99VE,,,,,,,,N/A,Closed,,03/22/2008 12:00:00 AM,13 QUEENS,QUEENS,,,Unspecified,QUEENS,Unspecified,Unspecified,Unspecified,Unspecified,Unspecified,Unspecified,Unspecified,Unspecified,Unspecified,,,,,,,,,,,,,,,
10759750,03/20/2008 12:00:00 AM,03/20/2008 12:00:00 AM,DOT,Department of Transportation,Traffic Signal Condition,Warning Signal,,,,,,,177 ST W,TREMONT AVE WEST,INTERSECTION,,,N/A,Closed,,03/20/2008 12:00:00 AM,Unspecified BRONX,BRONX,,,Unspecified,BRONX,Unspecified,Unspecified,Unspecified,Unspecified,Unspecified,Unspecified,Unspecified,Unspecified,Unspecified,,,,,,,,,,,,,,,
10245669,01/09/2008 12:00:00 AM,01/09/2008 12:00:00 AM,DOT,Department of Transportation,Traffic Signal Condition,Controller,,,,,,,59 ST,3 AVE,INTERSECTION,,,N/A,Closed,,01/09/2008 12:00:00 AM,Unspecified BROOKLYN,BROOKLYN,,,Unspecified,BROOKLYN,Unspecified,Unspecified,Unspecified,Unspecified,Unspecified,Unspecified,Unspecified,Unspecified,Unspecified,,,,,,,,,,,,,,,
10760686,03/20/2008 12:00:00 AM,03/20/2008 12:00:00 AM,DOB,Department of Buildings,General Construction/Plumbing,Building Shaking/Vibrating/Structural Stability,,,STANTON ST BTWN RIDGE ST & ATTORNEY ST,BTWN RIDGE ST & ATTORNEY ST,,,,,,,,N/A,Closed,,03/20/2008 12:00:00 AM,Unspecified MANHATTAN,MANHATTAN,,,Unspecified,MANHATTAN,Unspecified,Unspecified,Unspecified,Unspecified,Unspecified,Unspecified,Unspecified,Unspecified,Unspecified,,,,,,,,,,,,,,,
10760947,03/20/2008 12:00:00 AM,03/20/2008 12:00:00 AM,DOB,Department of Buildings,General Construction/Plumbing,Site Conditions Endangering Workers,,,30 KENMARE STREET,KENMARE STREET,,,,,,,,N/A,Closed,,03/20/2008 12:00:00 AM,Unspecified MANHATTAN,MANHATTAN,,,Unspecified,MANHATTAN,Unspecified,Unspecified,Unspecified,Unspecified,Unspecified,Unspecified,Unspecified,Unspecified,Unspecified,,,,,,,,,,,,,,,
10760677,03/20/2008 12:00:00 AM,03/21/2008 12:00:00 AM,DOT,Department of Transportation,Traffic Signal Condition,Controller,,,,,,,CENTRAL PARK WEST,107 ST W,INTERSECTION,,,N/A,Closed,,03/21/2008 12:00:00 AM,Unspecified MANHATTAN,MANHATTAN,,,Unspecified,MANHATTAN,Unspecified,Unspecified,Unspecified,Unspecified,Unspecified,Unspecified,Unspecified,Unspecified,Unspecified,,,,,,,,,,,,,,,
10760696,03/20/2008 12:00:00 AM,03/20/2008 12:00:00 AM,DEP,Department of Environmental Protection,Industrial Waste,Oil Spill (IAB),,,,,,,E 206 ST,E MOSHOLU PKWY,INTERSECTION,,,N/A,Closed,,03/20/2008 12:00:00 AM,Unspecified BRONX,BRONX,,,Unspecified,BRONX,Unspecified,Unspecified,Unspecified,Unspecified,Unspecified,Unspecified,Unspecified,Unspecified,Unspecified,,,,,,,,,,,,,,,
10760963,03/20/2008 12:00:00 AM,04/01/2008 12:00:00 AM,DEP,Department of Environmental Protection,Sewer,Street Cave-In / Depression (SG),,,,,,,LINCOLN RD,FLATBUSH AVE,INTERSECTION,,,N/A,Closed,,04/01/2008 12:00:00 AM,Unspecified BROOKLYN,BROOKLYN,,,Unspecified,BROOKLYN,Unspecified,Unspecified,Unspecified,Unspecified,Unspecified,Unspecified,Unspecified,Unspecified,Unspecified,,,,,,,,,,,,,,,
10759815,03/19/2008 12:00:00 AM,03/20/2008 12:00:00 AM,DOB,Department of Buildings,Emergency Response Team (ERT),After Hours Work - Illegal,,,BERGEN ST & CLASSON AVE,& CLASSON AVE,,,,,,,,N/A,Closed,,03/20/2008 12:00:00 AM,Unspecified BROOKLYN,BROOKLYN,,,Unspecified,BROOKLYN,Unspecified,Unspecified,Unspecified,Unspecified,Unspecified,Unspecified,Unspecified,Unspecified,Unspecified,,,,,,,,,,,,,,,
10759825,03/20/2008 12:00:00 AM,03/25/2008 12:00:00 AM,DOB,Department of Buildings,General Construction/Plumbing,Safety Netting/Guard Rails - Damaged/Inadequate/None (6 Stories/75 Feet Or Less),,, KENO STREET,KENO STREET,,,,,ADDRESS,,,N/A,Assigned,,03/25/2008 12:00:00 AM,Unspecified QUEENS,QUEENS,,,Unspecified,QUEENS,Unspecified,Unspecified,Unspecified,Unspecified,Unspecified,Unspecified,Unspecified,Unspecified,Unspecified,,,,,,,,,,,,,,,
10188468,01/02/2008 12:00:00 AM,01/01/2008 12:00:00 AM,DOT,Department of Transportation,Street Light Condition,Street Light Out,,,,,,,COLUMBUS AVE,64 ST W,INTERSECTION,,,N/A,Pending,,01/01/2008 12:00:00 AM,Unspecified MANHATTAN,MANHATTAN,,,Unspecified,MANHATTAN,Unspecified,Unspecified,Unspecified,Unspecified,Unspecified,Unspecified,Unspecified,Unspecified,Unspecified,,,,,,,,,,,,,,,
10760710,03/20/2008 12:00:00 AM,03/20/2008 12:00:00 AM,DOT,Department of Transportation,Traffic Signal Condition,Controller,,,,,,,10 AVE,51 ST W,INTERSECTION,,,N/A,Closed,,03/20/2008 12:00:00 AM,Unspecified MANHATTAN,MANHATTAN,,,Unspecified,MANHATTAN,Unspecified,Unspecified,Unspecified,Unspecified,Unspecified,Unspecified,Unspecified,Unspecified,Unspecified,,,,,,,,,,,,,,,
10760604,03/20/2008 12:00:00 AM,03/20/2008 12:00:00 AM,DOT,Department of Transportation,Traffic Signal Condition,Door Lock,,,,,,,VAN CORTLANDT PARK E,233 ST E,INTERSECTION,,,N/A,Closed,,03/20/2008 12:00:00 AM,Unspecified BRONX,BRONX,,,Unspecified,BRONX,Unspecified,Unspecified,Unspecified,Unspecified,Unspecified,Unspecified,Unspecified,Unspecified,Unspecified,,,,,,,,,,,,,,,
10760619,03/20/2008 12:00:00 AM,06/19/2008 12:00:00 AM,DOB,Department of Buildings,Building/Use,Illegal Conversion Of Residential Building/Space,,,1826 BAY RIDGE AVENUE,BAY RIDGE AVENUE,,,,,,,,N/A,Closed,,06/19/2008 12:00:00 AM,Unspecified BROOKLYN,BROOKLYN,,,Unspecified,BROOKLYN,Unspecified,Unspecified,Unspecified,Unspecified,Unspecified,Unspecified,Unspecified,Unspecified,Unspecified,,,,,,,,,,,,,,,
10760624,03/20/2008 12:00:00 AM,04/04/2008 12:00:00 AM,DEP,Department of Environmental Protection,Sewer,Street Cave-In / Depression (SG),,,,,,,W 86 ST,CENTRAL PARK,INTERSECTION,,,N/A,Closed,,04/04/2008 12:00:00 AM,Unspecified MANHATTAN,MANHATTAN,,,Unspecified,MANHATTAN,Unspecified,Unspecified,Unspecified,Unspecified,Unspecified,Unspecified,Unspecified,Unspecified,Unspecified,,,,,,,,,,,,,,,
10760885,03/20/2008 12:00:00 AM,03/20/2008 12:00:00 AM,DEP,Department of Environmental Protection,Water System,No Water/Low Pressure (WA5),,,1129 BAY RDGE AVE,BAY RDGE AVE,11 AVE,12 AVE,,,ADDRESS,,,N/A,Closed,,03/20/2008 12:00:00 AM,Unspecified BROOKLYN,BROOKLYN,,,Unspecified,BROOKLYN,Unspecified,Unspecified,Unspecified,Unspecified,Unspecified,Unspecified,Unspecified,Unspecified,Unspecified,,,,,,,,,,,,,,,
10760887,03/20/2008 12:00:00 AM,03/21/2008 12:00:00 AM,DSNY,BCC - Staten Island,Sanitation Condition,15 Street Cond/Dump-Out/Drop-Off,Street,, BENJAMIN PLACE,BENJAMIN PLACE,HOLLAND AVENUE,AVENUE B,,,BLOCKFACE,,,DSNY Garage,Closed,,03/21/2008 12:00:00 AM,01 STATEN ISLAND,STATEN ISLAND,,,Unspecified,STATEN ISLAND,Unspecified,Unspecified,Unspecified,Unspecified,Unspecified,Unspecified,Unspecified,Unspecified,Unspecified,,,,,,,,,,,,,,,
10188469,01/02/2008 12:00:00 AM,01/01/2008 12:00:00 AM,DOT,Department of Transportation,Street Light Condition,Street Light Out,,,,,,,95 ST W,RIVERSIDE DR,INTERSECTION,,,N/A,Pending,,01/01/2008 12:00:00 AM,Unspecified MANHATTAN,MANHATTAN,,,Unspecified,MANHATTAN,Unspecified,Unspecified,Unspecified,Unspecified,Unspecified,Unspecified,Unspecified,Unspecified,Unspecified,,,,,,,,,,,,,,,
10188439,01/02/2008 12:00:00 AM,01/02/2008 12:00:00 AM,DOT,Department of Transportation,Street Light Condition,Street Light Out,,,,,,,4 ST W,10 ST W,INTERSECTION,,,N/A,Closed,,01/02/2008 12:00:00 AM,Unspecified MANHATTAN,MANHATTAN,,,Unspecified,MANHATTAN,Unspecified,Unspecified,Unspecified,Unspecified,Unspecified,Unspecified,Unspecified,Unspecified,Unspecified,,,,,,,,,,,,,,,
10188440,01/02/2008 12:00:00 AM,01/01/2008 12:00:00 AM,DOT,Department of Transportation,Street Light Condition,Fixture/Luminaire Missing,,, RIVERSIDE PARK,RIVERSIDE PARK,135 ST W,158 ST W,,,BLOCKFACE,,,N/A,Pending,,01/01/2008 12:00:00 AM,Unspecified MANHATTAN,MANHATTAN,,,Unspecified,MANHATTAN,Unspecified,Unspecified,Unspecified,Unspecified,Unspecified,Unspecified,Unspecified,Unspecified,Unspecified,,,,,,,,,,,,,,,
10188470,01/02/2008 12:00:00 AM,01/01/2008 12:00:00 AM,DOT,Department of Transportation,Street Light Condition,Street Light Out,,,,,,,118 ST W,7 AVE,INTERSECTION,,,N/A,Pending,,01/01/2008 12:00:00 AM,Unspecified MANHATTAN,MANHATTAN,,,Unspecified,MANHATTAN,Unspecified,Unspecified,Unspecified,Unspecified,Unspecified,Unspecified,Unspecified,Unspecified,Unspecified,,,,,,,,,,,,,,,
10760736,03/20/2008 12:00:00 AM,03/25/2008 12:00:00 AM,DEP,Department of Environmental Protection,Noise,Noise: Construction Before/After Hours (NM1),,,855 6 AVE,6 AVE,W 30 ST,W 31 ST,,,,,,N/A,Closed,,03/25/2008 12:00:00 AM,Unspecified MANHATTAN,MANHATTAN,,,Unspecified,MANHATTAN,Unspecified,Unspecified,Unspecified,Unspecified,Unspecified,Unspecified,Unspecified,Unspecified,Unspecified,,,,,,,,,,,,,,,
10760747,03/20/2008 12:00:00 AM,03/20/2008 12:00:00 AM,DEP,Department of Environmental Protection,Sewer,Sewer Backup (Use Comments) (SA),,, SHELL RD,SHELL RD,AVENUE X,AVENUE Z,,,BLOCKFACE,,,N/A,Closed,,03/20/2008 12:00:00 AM,Unspecified BROOKLYN,BROOKLYN,,,Unspecified,BROOKLYN,Unspecified,Unspecified,Unspecified,Unspecified,Unspecified,Unspecified,Unspecified,Unspecified,Unspecified,,,,,,,,,,,,,,,
10761124,03/20/2008 12:00:00 AM,03/20/2008 12:00:00 AM,DOT,Department of Transportation,Traffic Signal Condition,Controller,,,,,,,PARK AVE,63 ST E,INTERSECTION,,,N/A,Closed,,03/20/2008 12:00:00 AM,Unspecified MANHATTAN,MANHATTAN,,,Unspecified,MANHATTAN,Unspecified,Unspecified,Unspecified,Unspecified,Unspecified,Unspecified,Unspecified,Unspecified,Unspecified,,,,,,,,,,,,,,,
10760509,03/20/2008 12:00:00 AM,03/21/2008 12:00:00 AM,DSNY,A - Canine Task Force Citywide,Dirty Conditions,E8 Canine Violation,Sidewalk,,,,,,95 STREET,ALBERT ROAD,INTERSECTION,,,N/A,Closed,,03/21/2008 12:00:00 AM,10 QUEENS,QUEENS,,,Unspecified,QUEENS,Unspecified,Unspecified,Unspecified,Unspecified,Unspecified,Unspecified,Unspecified,Unspecified,Unspecified,,,,,,,,,,,,,,,
10759930,03/20/2008 12:00:00 AM,03/20/2008 12:00:00 AM,DOT,Department of Transportation,Traffic Signal Condition,Controller,,,,,,,JAVA ST,FRANKLIN AVE,INTERSECTION,,,N/A,Closed,,03/20/2008 12:00:00 AM,Unspecified BROOKLYN,BROOKLYN,,,Unspecified,BROOKLYN,Unspecified,Unspecified,Unspecified,Unspecified,Unspecified,Unspecified,Unspecified,Unspecified,Unspecified,,,,,,,,,,,,,,,
10188471,01/02/2008 12:00:00 AM,01/01/2008 12:00:00 AM,DOT,Department of Transportation,Street Light Condition,Street Light Out,,,,,,,MADISON AVE,59 ST E,INTERSECTION,,,N/A,Pending,,01/01/2008 12:00:00 AM,Unspecified MANHATTAN,MANHATTAN,,,Unspecified,MANHATTAN,Unspecified,Unspecified,Unspecified,Unspecified,Unspecified,Unspecified,Unspecified,Unspecified,Unspecified,,,,,,,,,,,,,,,
10760772,03/20/2008 12:00:00 AM,03/20/2008 12:00:00 AM,DOT,Department of Transportation,Traffic Signal Condition,Post,,,,,,,DECATUR AVE,211 ST E,INTERSECTION,,,N/A,Closed,,03/20/2008 12:00:00 AM,Unspecified BRONX,BRONX,,,Unspecified,BRONX,Unspecified,Unspecified,Unspecified,Unspecified,Unspecified,Unspecified,Unspecified,Unspecified,Unspecified,,,,,,,,,,,,,,,
10188472,01/02/2008 12:00:00 AM,01/01/2008 12:00:00 AM,DOT,Department of Transportation,Street Light Condition,Street Light Out,,,,,,,3 AVE,63 ST E,INTERSECTION,,,N/A,Pending,,01/01/2008 12:00:00 AM,Unspecified MANHATTAN,MANHATTAN,,,Unspecified,MANHATTAN,Unspecified,Unspecified,Unspecified,Unspecified,Unspecified,Unspecified,Unspecified,Unspecified,Unspecified,,,,,,,,,,,,,,,
10188473,01/02/2008 12:00:00 AM,01/01/2008 12:00:00 AM,DOT,Department of Transportation,Street Light Condition,Street Light Out,,,,,,,68 ST E,1 AVE,INTERSECTION,,,N/A,Pending,,01/01/2008 12:00:00 AM,Unspecified MANHATTAN,MANHATTAN,,,Unspecified,MANHATTAN,Unspecified,Unspecified,Unspecified,Unspecified,Unspecified,Unspecified,Unspecified,Unspecified,Unspecified,,,,,,,,,,,,,,,
10760488,03/18/2008 12:00:00 AM,03/19/2008 12:00:00 AM,DOT,Department of Transportation,Street Condition,Pothole,,,,,,,123 STREET,JAMAICA AVENUE,INTERSECTION,,,N/A,Closed,,03/19/2008 12:00:00 AM,Unspecified QUEENS,QUEENS,,,Unspecified,QUEENS,Unspecified,Unspecified,Unspecified,Unspecified,Unspecified,Unspecified,Unspecified,Unspecified,Unspecified,,,,,,,,,,,,,,,
10758381,03/20/2008 12:00:00 AM,,DOB,Department of Buildings,Special Projects Inspection Team (SPIT),Illegal Hotel Rooms In Residential Building,,,34-37 73 STREET,73 STREET,,,,,,,,N/A,Open,,,Unspecified QUEENS,QUEENS,,,Unspecified,QUEENS,Unspecified,Unspecified,Unspecified,Unspecified,Unspecified,Unspecified,Unspecified,Unspecified,Unspecified,,,,,,,,,,,,,,,
10759883,03/20/2008 12:00:00 AM,03/20/2008 12:00:00 AM,DSNY,BCC - Staten Island,Derelict Vehicles,14 Derelict Vehicles,Street,,,,,,732,PATTERSON AVENUE,INTERSECTION,,,DSNY Garage,Pending,,03/20/2008 12:00:00 AM,02 STATEN ISLAND,STATEN ISLAND,,,Unspecified,STATEN ISLAND,Unspecified,Unspecified,Unspecified,Unspecified,Unspecified,Unspecified,Unspecified,Unspecified,Unspecified,,,,,,,,,,,,,,,
10759885,03/20/2008 12:00:00 AM,03/20/2008 12:00:00 AM,DOT,Department of Transportation,Traffic Signal Condition,Controller,,,,,,,BAINBRIDGE AVE,208 ST E,INTERSECTION,,,N/A,Closed,,03/20/2008 12:00:00 AM,Unspecified BRONX,BRONX,,,Unspecified,BRONX,Unspecified,Unspecified,Unspecified,Unspecified,Unspecified,Unspecified,Unspecified,Unspecified,Unspecified,,,,,,,,,,,,,,,
10758338,03/20/2008 12:00:00 AM,03/20/2008 12:00:00 AM,DOT,Department of Transportation,Traffic Signal Condition,Post,,,,,,,HYLAN BLVD,EBBITS ST,INTERSECTION,,,N/A,Closed,,03/20/2008 12:00:00 AM,0 Unspecified,Unspecified,,,Unspecified,Unspecified,Unspecified,Unspecified,Unspecified,Unspecified,Unspecified,Unspecified,Unspecified,Unspecified,Unspecified,,,,,,,,,,,,,,,
10760803,03/20/2008 12:00:00 AM,03/21/2008 12:00:00 AM,DOT,Department of Transportation,Traffic Signal Condition,Pedestrian Signal,,,,,,,4 AVE,95 ST,INTERSECTION,,,N/A,Closed,,03/21/2008 12:00:00 AM,Unspecified BROOKLYN,BROOKLYN,,,Unspecified,BROOKLYN,Unspecified,Unspecified,Unspecified,Unspecified,Unspecified,Unspecified,Unspecified,Unspecified,Unspecified,,,,,,,,,,,,,,,
10760810,03/20/2008 12:00:00 AM,03/21/2008 12:00:00 AM,DOT,Department of Transportation,Traffic Signal Condition,Controller,,,,,,,ST MARKS AVE,EASTERN PKWY,INTERSECTION,,,N/A,Closed,,03/21/2008 12:00:00 AM,Unspecified BROOKLYN,BROOKLYN,,,Unspecified,BROOKLYN,Unspecified,Unspecified,Unspecified,Unspecified,Unspecified,Unspecified,Unspecified,Unspecified,Unspecified,,,,,,,,,,,,,,,
10188441,01/02/2008 12:00:00 AM,01/01/2008 12:00:00 AM,DOT,Department of Transportation,Street Light Condition,Street Light Cycling,,, RIVERSIDE PARK,RIVERSIDE PARK,135 ST W,158 ST W,,,BLOCKFACE,,,N/A,Pending,,01/01/2008 12:00:00 AM,Unspecified MANHATTAN,MANHATTAN,,,Unspecified,MANHATTAN,Unspecified,Unspecified,Unspecified,Unspecified,Unspecified,Unspecified,Unspecified,Unspecified,Unspecified,,,,,,,,,,,,,,,
10758453,03/20/2008 12:00:00 AM,03/20/2008 12:00:00 AM,DEP,Department of Environmental Protection,Industrial Waste,Natural Gas In Sewer (IFA),,,,,,,26 AVE,CORP KENNEDY BLVD,INTERSECTION,,,N/A,Closed,,03/20/2008 12:00:00 AM,Unspecified QUEENS,QUEENS,,,Unspecified,QUEENS,Unspecified,Unspecified,Unspecified,Unspecified,Unspecified,Unspecified,Unspecified,Unspecified,Unspecified,,,,,,,,,,,,,,,
10188476,01/02/2008 12:00:00 AM,01/01/2008 12:00:00 AM,DOT,Department of Transportation,Street Light Condition,Street Light Out,,,,,,,75 ST E,5 AVE,INTERSECTION,,,N/A,Pending,,01/01/2008 12:00:00 AM,Unspecified MANHATTAN,MANHATTAN,,,Unspecified,MANHATTAN,Unspecified,Unspecified,Unspecified,Unspecified,Unspecified,Unspecified,Unspecified,Unspecified,Unspecified,,,,,,,,,,,,,,,
10188477,01/02/2008 12:00:00 AM,01/01/2008 12:00:00 AM,DOT,Department of Transportation,Street Light Condition,Street Light Out,,,,,,,PARK AVE,78 ST E,INTERSECTION,,,N/A,Pending,,01/01/2008 12:00:00 AM,Unspecified MANHATTAN,MANHATTAN,,,Unspecified,MANHATTAN,Unspecified,Unspecified,Unspecified,Unspecified,Unspecified,Unspecified,Unspecified,Unspecified,Unspecified,,,,,,,,,,,,,,,
10188478,01/02/2008 12:00:00 AM,01/01/2008 12:00:00 AM,DOT,Department of Transportation,Street Light Condition,Street Light Out,,,,,,,MADISON AVE,80 ST E,INTERSECTION,,,N/A,Pending,,01/01/2008 12:00:00 AM,Unspecified MANHATTAN,MANHATTAN,,,Unspecified,MANHATTAN,Unspecified,Unspecified,Unspecified,Unspecified,Unspecified,Unspecified,Unspecified,Unspecified,Unspecified,,,,,,,,,,,,,,,
